StartDate,EndDate,Status,Progress,Duration (in seconds),Finished,RecordedDate,ResponseId,RecipientLastName,RecipientFirstName,RecipientEmail,ExternalReference,LocationLatitude,LocationLongitude,DistributionChannel,UserLanguage,Q12_Browser,Q12_Version,Q12_Operating System,Q12_Resolution,Q9,Q4,Q10,Q5,Q62_1,Q62_2,Q62_3,Q62_4,Q62_5,Q62_6,Q62_7,Q62_8,Q62_9,Q56_1,Q57_1,Q51_1,Q51_2,Q51_3,Q51_4,Q51_5,Q51_6,Q51_7,Q51_8,Q51_9,Q52_1,Q52_2,Q52_3,Q52_4,Q52_5,Q52_6,Q52_7,Q52_8,Q52_9,Q53_1,Q53_2,Q53_3,Q53_4,Q53_5,Q53_6,Q53_7,Q53_8,Q53_9,Q54_1,Q54_2,Q54_3,Q54_4,Q54_5,Q54_6,Q54_7,Q54_8,Q54_9,Q81_1,Q83_1,Q82_1,Q60,Q86,Q88,Q90,Q92,Q94,Q96,SC0,recRef,gradYear,House ID
Start Date,End Date,Response Type,Progress,Duration (in seconds),Finished,Recorded Date,Response ID,Recipient Last Name,Recipient First Name,Recipient Email,External Data Reference,Location Latitude,Location Longitude,Distribution Channel,User Language,Browser Meta Info - Browser,Browser Meta Info - Version,Browser Meta Info - Operating System,Browser Meta Info - Resolution,Q9,What is your Greek affiliation?,What are the letters or name of the Greek house with which you were/are affiliated?,"In what year did/will you graduate? Please enter a four-digit number, e.g. “1996”.","Please rate how well each of the following traits describe your house, [Field-houseName]. - party-oriented","Please rate how well each of the following traits describe your house, [Field-houseName]. - safe","Please rate how well each of the following traits describe your house, [Field-houseName]. - service-oriented","Please rate how well each of the following traits describe your house, [Field-houseName]. - diverse","Please rate how well each of the following traits describe your house, [Field-houseName]. - prestigious","Please rate how well each of the following traits describe your house, [Field-houseName]. - athletics-oriented","Please rate how well each of the following traits describe your house, [Field-houseName]. - conservative","Please rate how well each of the following traits describe your house, [Field-houseName]. - inclusive","Please rate how well each of the following traits describe your house, [Field-houseName]. - academics-oriented","When you were at Dartmouth, how much did you personally relate to your house’s identity as you described it?","Right now, how much do you personally relate to your house’s identity as you described it?",Please rate how well each of the following traits describes House 2.Note that you may leave rows blank if you have no response. - party-oriented,Please rate how well each of the following traits describes House 2.Note that you may leave rows blank if you have no response. - safe,Please rate how well each of the following traits describes House 2.Note that you may leave rows blank if you have no response. - service-oriented,Please rate how well each of the following traits describes House 2.Note that you may leave rows blank if you have no response. - diverse,Please rate how well each of the following traits describes House 2.Note that you may leave rows blank if you have no response. - prestigious,Please rate how well each of the following traits describes House 2.Note that you may leave rows blank if you have no response. - athletics-oriented,Please rate how well each of the following traits describes House 2.Note that you may leave rows blank if you have no response. - conservative,Please rate how well each of the following traits describes House 2.Note that you may leave rows blank if you have no response. - inclusive,Please rate how well each of the following traits describes House 2.Note that you may leave rows blank if you have no response. - academics-oriented,Please rate how well each of the following traits describes House 1.Note that you may leave rows blank if you have no response. - party-oriented,Please rate how well each of the following traits describes House 1.Note that you may leave rows blank if you have no response. - safe,Please rate how well each of the following traits describes House 1.Note that you may leave rows blank if you have no response. - service-oriented,Please rate how well each of the following traits describes House 1.Note that you may leave rows blank if you have no response. - diverse,Please rate how well each of the following traits describes House 1.Note that you may leave rows blank if you have no response. - prestigious,Please rate how well each of the following traits describes House 1.Note that you may leave rows blank if you have no response. - athletics-oriented,Please rate how well each of the following traits describes House 1.Note that you may leave rows blank if you have no response. - conservative,Please rate how well each of the following traits describes House 1.Note that you may leave rows blank if you have no response. - inclusive,Please rate how well each of the following traits describes House 1.Note that you may leave rows blank if you have no response. - academics-oriented,Please rate how well each of the following traits describes House 3.Note that you may leave rows blank if you have no response. - party-oriented,Please rate how well each of the following traits describes House 3.Note that you may leave rows blank if you have no response. - safe,Please rate how well each of the following traits describes House 3.Note that you may leave rows blank if you have no response. - service-oriented,Please rate how well each of the following traits describes House 3.Note that you may leave rows blank if you have no response. - diverse,Please rate how well each of the following traits describes House 3.Note that you may leave rows blank if you have no response. - prestigious,Please rate how well each of the following traits describes House 3.Note that you may leave rows blank if you have no response. - athletics-oriented,Please rate how well each of the following traits describes House 3.Note that you may leave rows blank if you have no response. - conservative,Please rate how well each of the following traits describes House 3.Note that you may leave rows blank if you have no response. - inclusive,Please rate how well each of the following traits describes House 3.Note that you may leave rows blank if you have no response. - academics-oriented,Please rate how well each of the following traits describes House 4.Note that you may leave rows blank if you have no response. - party-oriented,Please rate how well each of the following traits describes House 4.Note that you may leave rows blank if you have no response. - safe,Please rate how well each of the following traits describes House 4.Note that you may leave rows blank if you have no response. - service-oriented,Please rate how well each of the following traits describes House 4.Note that you may leave rows blank if you have no response. - diverse,Please rate how well each of the following traits describes House 4.Note that you may leave rows blank if you have no response. - prestigious,Please rate how well each of the following traits describes House 4.Note that you may leave rows blank if you have no response. - athletics-oriented,Please rate how well each of the following traits describes House 4.Note that you may leave rows blank if you have no response. - conservative,Please rate how well each of the following traits describes House 4.Note that you may leave rows blank if you have no response. - inclusive,Please rate how well each of the following traits describes House 4.Note that you may leave rows blank if you have no response. - academics-oriented,"At present, how actively involved in your Greek house and/or its official alumni network are you?","At present, how frequently do you communicate with friends from your Greek house?","At present, how many people affiliated with your Greek house do you consider good friends?",What is your current occupation?,What is your age?,What is your gender?,Are you Hispanic?,What Race(s) do you identify with?,What is your native language?,"What is your city of birth? (city, state, country)",Score,recRef,gradYear,
"{""ImportId"":""startDate"",""timeZone"":""America/Denver""}","{""ImportId"":""endDate"",""timeZone"":""America/Denver""}","{""ImportId"":""status""}","{""ImportId"":""progress""}","{""ImportId"":""duration""}","{""ImportId"":""finished""}","{""ImportId"":""recordedDate"",""timeZone"":""America/Denver""}","{""ImportId"":""_recordId""}","{""ImportId"":""recipientLastName""}","{""ImportId"":""recipientFirstName""}","{""ImportId"":""recipientEmail""}","{""ImportId"":""externalDataReference""}","{""ImportId"":""locationLatitude""}","{""ImportId"":""locationLongitude""}","{""ImportId"":""distributionChannel""}","{""ImportId"":""userLanguage""}","{""ImportId"":""QID12_BROWSER""}","{""ImportId"":""QID12_VERSION""}","{""ImportId"":""QID12_OS""}","{""ImportId"":""QID12_RESOLUTION""}","{""ImportId"":""QID9""}","{""ImportId"":""QID4""}","{""ImportId"":""QID10_TEXT""}","{""ImportId"":""QID5_TEXT""}","{""ImportId"":""QID88_1""}","{""ImportId"":""QID88_2""}","{""ImportId"":""QID88_3""}","{""ImportId"":""QID88_4""}","{""ImportId"":""QID88_5""}","{""ImportId"":""QID88_6""}","{""ImportId"":""QID88_7""}","{""ImportId"":""QID88_8""}","{""ImportId"":""QID88_9""}","{""ImportId"":""QID82_1""}","{""ImportId"":""QID83_1""}","{""ImportId"":""QID77_x1""}","{""ImportId"":""QID77_x2""}","{""ImportId"":""QID77_x3""}","{""ImportId"":""QID77_x4""}","{""ImportId"":""QID77_x5""}","{""ImportId"":""QID77_x6""}","{""ImportId"":""QID77_x7""}","{""ImportId"":""QID77_x8""}","{""ImportId"":""QID77_x9""}","{""ImportId"":""QID78_x1""}","{""ImportId"":""QID78_x2""}","{""ImportId"":""QID78_x3""}","{""ImportId"":""QID78_x4""}","{""ImportId"":""QID78_x5""}","{""ImportId"":""QID78_x6""}","{""ImportId"":""QID78_x7""}","{""ImportId"":""QID78_x8""}","{""ImportId"":""QID78_x9""}","{""ImportId"":""QID79_x1""}","{""ImportId"":""QID79_x2""}","{""ImportId"":""QID79_x3""}","{""ImportId"":""QID79_x4""}","{""ImportId"":""QID79_x5""}","{""ImportId"":""QID79_x6""}","{""ImportId"":""QID79_x7""}","{""ImportId"":""QID79_x8""}","{""ImportId"":""QID79_x9""}","{""ImportId"":""QID80_x1""}","{""ImportId"":""QID80_x2""}","{""ImportId"":""QID80_x3""}","{""ImportId"":""QID80_x4""}","{""ImportId"":""QID80_x5""}","{""ImportId"":""QID80_x6""}","{""ImportId"":""QID80_x7""}","{""ImportId"":""QID80_x8""}","{""ImportId"":""QID80_x9""}","{""ImportId"":""QID119_1""}","{""ImportId"":""QID121_1""}","{""ImportId"":""QID120_1""}","{""ImportId"":""QID86_TEXT""}","{""ImportId"":""QID123_TEXT""}","{""ImportId"":""QID124""}","{""ImportId"":""QID125""}","{""ImportId"":""QID126""}","{""ImportId"":""QID127_TEXT""}","{""ImportId"":""QID128_TEXT""}","{""ImportId"":""SC_8vlNwO7RkmgHm05""}","{""ImportId"":""recRef""}","{""ImportId"":""gradYear""}",
4/28/19 11:44,4/28/19 12:01,0,100,982,1,4/28/19 12:01,R_1mfQuLQ6gqW6mBf,,,,,43.70449829,-72.28500366,anonymous,EN,Chrome,73.0.3683.103,Macintosh,1680x1050,1,252,,2019,3,5,2,4,1,2,1,5,3,,72,4,3,3,3,4,3,3,2,4,,,,,,,,,,4,2,2,3,2,2,2,3,2,5,4,3,3,3,2,2,4,3,25,,40,Student,22,1,2,5,English,"Seattle, WA, US",,,2019,1
4/28/19 12:28,4/28/19 12:34,0,100,413,1,4/28/19 12:35,R_2f3RWLhkLuIjkbx,,,,,29.44129944,-98.47930145,anonymous,EN,Chrome,74.0.3729.112,Linux x86_64,412x732,1,252,,2012,3,4,2,5,3,2,1,5,4,100,100,4,3,2,3,3,2,3,3,5,,,,,,,,,,5,2,1,2,2,1,1,5,2,5,5,5,4,4,5,1,4,3,49,81,73,Software engineer,28,1,2,5,English,"Worcester, MA, USA",,,2012,1
4/28/19 12:47,4/28/19 12:59,0,100,710,1,4/28/19 12:59,R_x41idsncTW8ySYh,,,,,28.68409729,-81.28119659,anonymous,EN,Chrome,73.0.3683.103,Windows NT 10.0,1500x1000,1,252,,2014,4,4,2,4,2,2,1,5,4,77,77,3,4,3,2,2,2,2,3,3,,,,,,,,,,5,3,2,2,5,3,2,2,2,4,2,2,2,4,3,2,2,2,25,20,19,medical student,27,2,2,5,english,"Orlando, FL, USA",,,2014,1
4/28/19 12:47,4/28/19 13:07,0,100,1232,1,4/28/19 13:07,R_RCtZvVnEq4xhFKh,,,,,43.70449829,-72.28500366,anonymous,EN,Safari,12.1,Macintosh,1680x1050,1,252,,1991,3,5,2,4,3,1,1,5,3,72,60,5,1,3,2,3,3,3,1,2,,,,,,,,,,4,2,3,1,2,2,3,1,2,3,4,4,2,4,3,1,1,3,78,100,100,IT,50,1,2,5,English,"New York, NY, USA",,,1991,1
4/28/19 13:09,4/28/19 13:25,0,100,975,1,4/28/19 13:25,R_2TvG73G27kE827O,,,,,43.70449829,-72.28500366,anonymous,EN,Chrome,73.0.3683.103,Macintosh,1440x900,1,252,,2019,3,4,1,3,2,1,1,4,3,,50,4,2,1,1,2,3,2,2,3,,,,,,,,,,4,2,1,1,2,1,1,2,2,4,3,2,3,3,3,1,2,2,59,,55,Student,22,1,2,5,English,"New York, NY USA",,,2019,1
4/28/19 14:25,4/28/19 14:36,0,100,675,1,4/28/19 14:36,R_2CV3hFvlRBRuopI,,,,,42.70889282,-73.20359802,anonymous,EN,Chrome,73.0.3683.103,Macintosh,1920x1080,1,252,,2011,2,4,1,5,1,1,1,5,4,97,76,4,2,1,,,,,,,,,,,,,,,,4,1,1,3,3,2,1,3,3,,,,,,,,,,30,82,86,Special Collections Librarian,29,2,2,5,English,"Rohester, New York, USA",,,2011,1
4/28/19 15:32,4/28/19 15:48,0,100,916,1,4/28/19 15:48,R_2antwEPyZGR5d6N,,,,,40.80000305,-73.9763031,anonymous,EN,Safari,11.1.2,Macintosh,1440x900,1,252,,2013,2,4,1,3,1,1,1,5,2,51,38,,,,,,,,,,,,,,,,,,,3,2,1,3,2,2,,2,1,4,3,2,3,3,3,2,3,2,25,100,25,student (phd),27,2,2,5,English,"Medford, MA, USA",,,2013,1
4/28/19 16:58,4/28/19 17:25,0,100,1618,1,4/28/19 17:25,R_ClhxVtTSCA0HdiF,,,,,34.186203,-118.3009033,anonymous,EN,Chrome,73.0.3683.103,Windows NT 10.0,1536x864,1,252,,2006,4,3,3,2,1,2,1,5,3,76,67,5,1,2,2,4,3,5,1,2,,,,,,,,,,5,1,1,3,2,3,2,3,1,5,1,1,1,3,3,5,2,1,14,74,51,Promo Coordinator,25,1,2,5,English,"Panorama City, CA, USA",,,2006,1
4/28/19 17:28,4/28/19 17:39,0,100,653,1,4/28/19 17:39,R_214Y5gQkKi9UIXF,,,,,45.53970337,-122.9637985,anonymous,EN,Safari,12.1,Macintosh,1680x1050,1,252,,1994,3,5,3,4,3,1,1,4,3,30,76,4,1,2,2,3,4,3,2,2,,,,,,,,,,4,1,2,3,2,3,3,3,2,5,1,1,2,2,4,3,2,2,3,82,40,Software Developer,49,1,2,"3,5",English,California,,,1994,1
4/28/19 17:36,4/28/19 17:50,0,100,801,1,4/28/19 17:50,R_12xnnWd4fIuotVB,,,,,43.70449829,-72.28500366,anonymous,EN,Chrome,73.0.3683.103,Windows NT 10.0,1600x900,1,252,,2019,4,3,2,3,2,1,1,3,3,,49,3,1,3,3,3,4,4,2,3,,,,,,,,,,5,2,2,2,1,3,1,2,1,4,3,3,2,2,3,2,4,3,73,,26,Student,22,1,2,5,English,"Burlington, VT, USA",,,2019,1
4/28/19 17:36,4/28/19 18:04,0,100,1692,1,4/28/19 18:04,R_1nW2cWnaqswsdRO,,,,,43.70449829,-72.28500366,anonymous,EN,Safari,11.0.3,Macintosh,1440x900,1,252,,2019,3,5,2,4,2,1,1,5,2,,75,5,2,1,1,5,3,3,2,2,,,,,,,,,,4,1,1,2,3,2,2,2,1,5,3,2,3,3,3,1,2,2,100,,39,Student,22,2,2,5,English,"Washington, DC, USA",,,2019,1
4/28/19 18:43,4/28/19 19:24,0,100,2433,1,4/28/19 19:24,R_qxRTCkXroKCuh7X,,,,,44.91209412,-93.17169952,anonymous,EN,Chrome,74.0.3729.91,Windows NT 10.0,1536x864,1,252,,2017,2,4,1,4,1,1,1,5,3,81,81,4,2,2,1,4,4,4,2,2,,,,,,,,,,4,1,1,2,3,1,3,1,2,3,4,3,2,3,3,1,4,3,41,68,40,Research Technician,24,1,2,5,English,"Newton, MA, USA",,,2017,1
4/28/19 17:50,4/28/19 20:30,0,100,9579,1,4/28/19 20:30,R_1CkLLcitlwwxllO,,,,,30.2881012,-97.76399994,anonymous,EN,Chrome,74.0.3729.108,Macintosh,1920x1080,1,252,,2018,3,4,2,5,1,1,1,5,4,94,77,5,2,1,2,4,1,3,3,4,,,,,,,,,,5,1,1,2,3,2,2,2,1,4,4,2,2,3,3,1,3,3,35,96,32,Grad Student,22,1,2,5,English,,,,2018,1
4/28/19 19:50,4/28/19 20:31,0,100,2433,1,4/28/19 20:31,R_O8RGJoFur9t1TO1,,,,,38.84759521,-77.32810211,anonymous,EN,Chrome,73.0.3683.103,Windows NT 10.0,1366x768,1,252,,1990,3,4,2,5,1,1,1,5,3,45,52,4,3,2,2,5,4,4,1,2,,,,,,,,,,5,3,2,4,3,2,3,4,2,3,3,4,2,5,3,3,1,3,1,32,1,attorney,49,2,2,5,English,"Tampa, FL, USA",,,1990,1
4/28/19 21:15,4/28/19 22:26,0,100,4259,1,4/28/19 22:26,R_1jTg70QTbOk0oAJ,,,,,42.21870422,-83.08010101,anonymous,EN,Chrome,72.0.3626.121,Macintosh,1280x800,1,252,,2010,3,5,4,4,1,1,1,5,4,76,50,4,3,2,2,3,4,1,2,2,,,,,,,,,,5,2,1,1,1,1,1,3,1,4,5,3,2,3,3,1,3,2,24,60,30,Career Counselor,30,2,2,5,English,"New York City, New York, USA",,,2010,1
4/29/19 06:55,4/29/19 07:23,0,100,1649,1,4/29/19 07:23,R_1esfPEepXodcE2k,,,,,42.05900574,-71.11229706,anonymous,EN,Chrome,73.0.3683.103,Windows NT 10.0,1920x1080,1,252,,2000,3,5,3,4,1,2,1,5,4,91,80,3,3,3,3,3,3,3,3,3,,,,,,,,,,4,3,2,3,3,3,3,3,3,3,3,3,3,3,3,3,3,3,86,70,100,Sales,46,1,2,5,English,"Haverhill, MA, USA",,,2000,1
4/29/19 07:28,4/29/19 07:38,0,100,643,1,4/29/19 07:38,R_Un0jcnSlz0euaNH,,,,,42.37969971,-71.10340118,anonymous,EN,Safari,12.1,Macintosh,1440x900,1,252,,2004,3,4,2,3,1,1,1,5,2,68,68,,,,,,,,,,,,,,,,,,,5,2,,,,4,,2,,,,,,,,,,,35,100,72,arts administrator,37,2,2,5,English,"Los Angeles, CA, USA",,,2004,1
4/29/19 07:33,4/29/19 08:04,0,100,1843,1,4/29/19 08:04,R_2t9EN6cNVwjICxB,,,,,42.05900574,-71.11229706,anonymous,EN,Chrome,73.0.3683.103,Windows NT 6.1,1536x864,1,252,,1998,1,5,3,2,1,1,1,5,4,100,54,,,,,,,,,,,,,,,,,,,5,,,,,,,,,,,,1,,,,1,,52,84,100,Veterinarian,43,2,2,5,English,,,,1998,1
4/29/19 08:14,4/29/19 08:24,0,100,580,1,4/29/19 08:24,R_tGJZrwXxFeVZcqZ,,,,,43.70449829,-72.28500366,anonymous,EN,Safari,12.1,Macintosh,1920x1200,1,252,,1991,3,4,3,4,2,1,1,5,3,100,51,4,1,,2,4,3,3,1,,,,,,,,,,,5,,,3,3,1,1,3,1,3,3,3,1,5,,,2,,39,100,72,Researcher,50,2,2,5,English,"Boulder, Colorado, USA",,,1991,1
4/29/19 09:33,4/29/19 09:39,0,100,377,1,4/29/19 09:39,R_cZIvqCyMEV0AttD,,,,,43.70449829,-72.28500366,anonymous,EN,Chrome,71.0.3578.98,Macintosh,1440x900,1,251,,2019,4,4,4,3,4,2,1,4,4,,98,,,,,,,,,,2,4,3,4,2,1,1,4,3,4,2,3,3,3,2,1,4,3,2,3,2,3,3,2,1,4,3,98,,60,Student,21,1,2,5,English,"Los Gatos, CA, USA",,,2019,2
4/29/19 10:12,4/29/19 10:27,0,100,884,1,4/29/19 10:27,R_3I3rhwlVxJ7rJps,,,,,44.94020081,-93.21880341,anonymous,EN,Chrome,74.0.3729.108,Windows NT 6.3,1536x864,1,251,,2013,4,5,3,3,2,2,1,4,2,76,60,,,,,,,,,,2,5,2,3,1,1,1,4,4,5,4,1,1,3,1,1,4,1,5,5,3,2,2,3,1,4,2,79,97,100,Orchestra Manager,27,1,2,5,English,"Greenwich, CT, USA",,,2013,2
4/29/19 10:35,4/29/19 10:47,0,100,694,1,4/29/19 10:47,R_1pSstVZzl8Jprt9,,,,,43.70449829,-72.28500366,anonymous,EN,Chrome,73.0.3683.103,Windows NT 6.3,1536x864,1,251,,2019,3,5,3,4,4,1,2,5,4,,97,,,,,,,,,,2,4,3,5,1,1,1,5,4,5,2,2,4,3,1,1,4,1,4,5,3,5,3,2,1,5,4,100,,100,Student,21,1,2,5,English,"Philadelphia, PA,USA",,,2019,2
4/29/19 10:45,4/29/19 10:50,0,100,293,1,4/29/19 10:50,R_bC76NVUO9aylkeR,,,,,43.70449829,-72.28500366,anonymous,EN,Chrome,73.0.3683.103,Macintosh,1280x800,1,251,,2019,4,4,3,4,3,2,1,5,4,,51,,,,,,,,,,1,5,5,4,1,1,1,5,3,4,3,1,4,4,1,1,5,2,4,5,2,5,4,3,1,5,2,81,,67,Student,21,1,2,5,English,"Chicago, IL, USA",,,2019,2
4/29/19 10:53,4/29/19 11:05,0,100,750,1,4/29/19 11:05,R_2QhTwyERPOWhukK,,,,,40.80000305,-73.9763031,anonymous,EN,Chrome,73.0.3683.103,Macintosh,1680x1050,1,251,,2014,4,4,4,2,3,3,2,3,4,98,76,,,,,,,,,,1,3,3,3,2,1,1,4,4,4,4,4,3,3,1,1,4,4,5,4,4,4,4,5,1,4,3,100,100,62,Graduate student,27,1,1,5,English,"Manhasset, NY, United States",,,2014,2
4/29/19 11:32,4/29/19 11:34,0,100,121,1,4/29/19 11:34,R_3j0xZxcIu9XUuzy,,,,,37.76420593,-122.3992996,anonymous,EN,Chrome,73.0.3683.103,Macintosh,1280x800,1,251,,2019,3,4,3,3,3,2,2,4,4,,77,,,,,,,,,,2,2,2,2,2,2,2,2,2,2,2,2,2,2,2,2,2,2,2,2,2,2,2,2,2,2,2,48,,41,,,,,,,,,,2019,2
4/29/19 11:37,4/29/19 12:57,0,100,4795,1,4/29/19 12:57,R_2XoZEICYxqoxM9v,,,,,40.10049438,-75.37090302,anonymous,EN,Chrome,73.0.3683.103,Windows NT 6.1,1366x768,1,252,,2007,3,5,2,5,1,1,1,5,3,84,85,5,3,2,1,2,4,2,2,2,,,,,,,,,,5,2,1,1,1,1,1,3,1,4,4,3,2,3,1,3,3,2,51,91,55,Research scientist,33,1,2,1,English,"Orange, CA, USA",,,2007,1
4/29/19 13:04,4/29/19 13:11,0,100,439,1,4/29/19 13:11,R_9Rfk2t4TiUQcFwt,,,,,44.93539429,-93.16940308,anonymous,EN,Chrome,72.0.3626.121,Windows NT 6.1,1920x1080,1,252,,1996,2,5,3,3,2,1,1,5,4,74,46,5,1,2,2,4,5,4,1,3,,,,,,,,,,5,1,1,1,2,1,3,2,3,5,1,2,2,4,5,4,1,3,,60,19,psychiatrist,45,2,2,5,English,"Wisconsin, USA",,,1996,1
4/29/19 13:40,4/29/19 13:55,0,100,843,1,4/29/19 13:55,R_3qORVeQOP1MyHhY,,,,,39.32479858,-76.60620117,anonymous,EN,Chrome,72.0.3626.121,Windows NT 10.0,1280x720,1,252,,2007,3,5,2,3,2,1,1,5,3,75,49,,,,,,,,,,,,,,,,,,,,,,,,,,,,,,,,,,,,,,100,40,Research Post-Doc,34,1,2,5,English,"Boston, MA",,,2007,1
4/29/19 14:06,4/29/19 14:11,0,100,267,1,4/29/19 14:11,R_3MPRlCFRos6j20o,,,,,43.12750244,-77.62770081,anonymous,EN,Firefox,66,Ubuntu,1920x1080,1,251,,2006,3,3,1,2,1,2,2,4,4,83,15,,,,,,,,,,1,4,3,4,1,1,1,5,4,4,1,1,2,2,2,3,2,2,2,4,4,2,3,2,1,4,3,1,47,21,Professor,34,1,2,5,English,"Sleepy Hollow, NY USA",,,2006,2
4/29/19 14:07,4/29/19 14:13,0,100,378,1,4/29/19 14:13,R_33mz1kGkxy5SSQq,,,,,40.75489807,-73.97499847,anonymous,EN,Chrome,73.0.3683.103,Windows NT 10.0,1536x864,1,251,,2015,2,4,3,3,3,1,1,5,5,66,67,,,,,,,,,,2,4,3,4,2,1,1,5,4,4,3,2,4,3,1,1,4,3,4,4,3,4,3,3,1,5,3,13,80,25,Marketing Manager,26,1,2,5,English,"Boston, MA",,,2015,2
4/29/19 14:05,4/29/19 14:17,0,100,724,1,4/29/19 14:17,R_2QMsWugLzvSvB3t,,,,,37.98449707,-122.135498,anonymous,EN,Chrome,68.0.3440.106,Windows NT 6.1,1920x1080,1,252,,2004,3,5,2,5,1,1,1,5,4,65,65,4,3,2,2,2,2,2,3,3,,,,,,,,,,4,4,2,3,1,1,1,4,3,5,1,1,1,3,5,2,1,1,12,69,34,Psychologist,36,1,2,5,English,,,,2004,1
4/28/19 13:28,4/29/19 14:48,0,100,91176,1,4/29/19 14:48,R_25XwqIRSycq0UVD,,,,,38.91720581,-77.07089996,anonymous,EN,Chrome,74.0.3729.108,Windows NT 10.0,1920x1200,1,252,,2012,4,5,3,5,1,2,1,5,4,100,100,2,2,2,2,2,2,2,2,2,,,,,,,,,,2,2,2,2,4,2,2,2,2,4,3,2,2,2,2,2,2,2,77,89,28,Asset Manager,29,2,2,"2,5",English,"Silver Spring, MD, USA",,,2012,1
4/29/19 15:18,4/29/19 15:56,0,100,2300,1,4/29/19 15:56,R_3Es7zYdEH5OASfc,,,,,30.40319824,-97.75299835,anonymous,EN,MSIE,11,Windows NT 10.0,1920x1080,1,252,,1991,4,5,4,5,2,2,1,5,3,91,96,3,3,3,3,3,2,3,2,2,,,,,,,,,,4,2,1,1,1,3,3,2,2,1,3,3,3,3,2,3,2,2,22,81,83,Director of project management (IT software),49,2,2,5,English,"Chicago, IL, USA",,,1991,1
4/29/19 15:52,4/29/19 15:59,0,100,443,1,4/29/19 15:59,R_1KdpgNce12gnF10,,,,,39.95199585,-75.18139648,anonymous,EN,Chrome,73.0.3683.103,Windows NT 10.0,1920x1200,1,251,,2011,2,4,3,3,2,1,2,4,3,76,50,,,,,,,,,,,,,,,,,,,4,2,2,2,3,1,3,4,1,5,5,4,4,4,3,3,4,2,26,100,28,Investor,30,1,2,5,English,"Atlanta, GA",,,2011,2
4/29/19 16:42,4/29/19 16:46,0,100,265,1,4/29/19 16:46,R_2wB6d66Wn2dqKjT,,,,,40.85960388,-73.93160248,anonymous,EN,Safari,12.1,Macintosh,1440x900,1,251,,2015,3,5,3,2,3,2,1,4,5,66,47,,,,,,,,,,2,5,3,5,1,1,1,5,4,5,2,2,2,2,2,1,4,2,4,4,3,3,3,2,1,4,3,23,49,19,Physician,25,1,2,1,English,"Richmond, Virginia, USA",,,2015,2
4/29/19 18:09,4/29/19 18:15,0,100,409,1,4/29/19 18:16,R_3Gy5D0DVh2sM9WW,,,,,41.16819763,-73.26889801,anonymous,EN,Chrome,74.0.3729.108,Windows NT 10.0,1920x1080,1,252,,2010,3,5,4,5,4,1,1,5,3,49,48,4,4,3,3,3,3,3,3,3,,,,,,,,,,5,1,3,2,2,3,4,3,3,4,3,3,3,3,3,3,3,3,23,40,41,Software Tester,31,1,2,5,,"Medford, Oregon, USA",,,2010,1
4/29/19 18:19,4/29/19 18:31,0,100,727,1,4/29/19 18:31,R_3J4pXugDCFDfMol,,,,,38.92080688,-77.03600311,anonymous,EN,Chrome,73.0.3683.103,Macintosh,1280x800,1,251,,2017,5,3,1,2,3,2,2,3,3,51,48,,,,,,,,,,,,,,,,,,,,,,,,,,,,,,,,,,,,,51,100,33,Wealth Management,24,1,2,5,English,Stamford CT,,,2017,2
4/29/19 18:31,4/29/19 18:47,0,100,911,1,4/29/19 18:47,R_9oUWSsUZODHave1,,,,,40.72439575,-73.64839935,anonymous,EN,Firefox,66,Macintosh,2048x1152,1,251,,2000,3,4,3,3,3,2,1,4,4,67,54,,,,,,,,,,,,,,,,,,,4,2,1,3,1,1,1,3,2,2,4,3,2,2,3,1,3,3,53,83,100,attorney,40,1,2,5,English,"Manhasset, New York, USA",,,2000,2
4/29/19 19:21,4/29/19 19:43,0,100,1282,1,4/29/19 19:43,R_1pPr1We2CyWmm0L,,,,,38.96350098,-76.96720123,anonymous,EN,Chrome,73.0.3683.103,Windows NT 10.0,1366x768,1,252,,1993,2,4,3,4,2,1,1,4,3,78,64,5,2,,2,3,4,3,2,3,,,,,,,,,,4,3,,2,2,1,1,2,1,,3,,1,4,,,,,39,100,84,Professor,47,1,1,5,English,"Oceanside, New York, United States of America",,,1993,1
4/29/19 22:14,4/29/19 22:18,0,100,247,1,4/29/19 22:18,R_1HdAY6HayXpds3r,,,,,37.75059509,-122.4121017,anonymous,EN,Chrome,74.0.3729.108,Macintosh,1440x900,1,252,,2005,3,4,2,4,1,1,1,4,2,52,25,4,2,1,1,2,2,2,1,2,,,,,,,,,,4,2,1,2,1,1,1,2,1,5,1,2,1,3,3,3,1,1,,60,12,Tech,35,1,2,1,,,,,2005,1
4/29/19 22:47,4/29/19 23:13,0,100,1608,1,4/29/19 23:13,R_2TTPpYJksJtHKcd,,,,,33.95599365,-118.3887024,anonymous,EN,Chrome,74.0.3729.108,Windows NT 10.0,1920x1200,1,252,,2011,3,4,2,3,1,1,1,4,4,100,73,5,1,1,1,2,5,5,1,1,,,,,,,,,,1,2,2,1,5,1,5,1,1,4,2,1,1,4,1,4,1,3,41,66,60,Videogame writer and editor,30,2,2,5,English,"Hartford, Connecticut, USA",,,2011,1
4/30/19 03:54,4/30/19 04:03,0,100,523,1,4/30/19 04:03,R_31MHRjGt1kUfDRu,,,,,38.92080688,-77.03600311,anonymous,EN,Chrome,73.0.3683.103,Macintosh,1280x800,1,252,,2011,1,5,2,3,1,1,1,5,4,61,67,4,,,1,,4,,,,,,,,,,,,,5,1,1,,,,2,1,,,4,,,,,,,,28,100,86,Attorney,29,1,2,5,English,"Manchester, NH, USA",,,2011,1
4/30/19 07:02,4/30/19 08:02,0,100,3619,1,4/30/19 08:02,R_zSSbWNepy5MEs3n,,,,,43.70449829,-72.28500366,anonymous,EN,Chrome,73.0.3683.103,Windows NT 10.0,1280x720,1,252,,2010,2,5,3,4,3,1,1,5,4,98,96,3,3,3,5,3,4,1,4,4,,,,,,,,,,4,1,1,1,1,3,1,2,2,4,3,2,1,2,2,3,3,3,78,81,19,Film Programmer at the Hopkins Center for the Arts,30,2,2,5,English,"Princeton, NJ, USA",,,2010,1
4/30/19 08:40,4/30/19 08:50,0,100,652,1,4/30/19 08:50,R_3FRvlrKxgQtfsx1,,,,,40.74650574,-73.90899658,anonymous,EN,Chrome,73.0.3683.103,Macintosh,1440x900,1,252,,2014,2,5,2,5,1,1,1,4,3,76,64,3,2,2,1,3,3,3,2,,,,,,,,,,,4,3,1,2,2,2,2,3,1,4,3,3,3,3,4,1,3,3,32,82,19,Theater Artist,26,1,2,5,English,"Stafford Springs, CT USA",,,2014,1
4/30/19 10:10,4/30/19 10:17,0,100,436,1,4/30/19 10:17,R_1pmP4dGdZGx0Xzj,,,,,37.76519775,-122.1578979,anonymous,EN,Chrome,73.0.3683.103,Macintosh,1680x1050,1,251,,2018,4,4,2,3,3,3,2,4,5,51,30,,,,,,,,,,1,4,3,2,1,2,2,5,4,5,3,2,3,3,2,3,3,1,4,4,3,1,3,4,1,3,2,52,100,61,Software Engineer,22,1,2,5,English,"Redwood City, CA, USA",,,2018,2
4/30/19 13:23,4/30/19 13:57,0,100,2053,1,4/30/19 13:57,R_bIvwLVKANCiNEDT,,,,,40.73590088,-73.99040222,anonymous,EN,Chrome,73.0.3683.103,Macintosh,1680x1050,1,252,,2013,4,4,2,3,1,1,1,5,2,52,51,4,,1,1,2,,3,,,,,,,,,,,,4,2,,,1,,,,,,4,,1,3,,,,2,25,39,60,Consultant,28,1,2,5,English,"Hanover, NH, USA",,,2013,1
4/29/19 19:21,4/30/19 16:28,0,100,76044,1,4/30/19 16:28,R_2wGriiTEdiHJYvm,,,,,40.85650635,-74.12310028,anonymous,EN,Chrome,74.0.3729.108,Macintosh,1280x800,1,251,,2016,4,5,5,4,4,2,2,5,5,97,95,,,,,,,,,,1,3,4,5,1,1,1,5,5,5,4,3,5,4,1,1,4,2,4,5,4,5,3,3,1,5,3,49,81,40,e-commerce ,24,1,2,5,english,"portland, maine, usa",,,2016,2
4/30/19 20:28,4/30/19 20:36,0,100,479,1,4/30/19 20:36,R_eWnLTkhweVd41Cp,,,,,39.25109863,-107.2043991,anonymous,EN,Chrome,72.0.3626.122,CrOS x86_64 11316.165.0,1536x864,1,254,,2009,4,4,2,4,3,3,1,5,4,75,52,3,3,3,3,2,2,3,4,4,,,,,,,,,,5,3,2,2,3,1,1,4,3,,,,,,,,,,21,43,14,Teacher,31,2,2,5,English,"Salem, MA, USA",,,2009,4
4/30/19 20:54,4/30/19 21:02,0,100,466,1,4/30/19 21:02,R_1dcW6vdBMV8jnYM,,,,,40.81080627,-73.36669922,anonymous,EN,Safari,12.0.2,Macintosh,1440x900,1,254,,1994,5,5,3,4,5,4,1,4,3,77,61,3,5,3,3,3,3,2,4,4,,,,,,,,,,4,1,1,3,1,1,3,3,2,,,,,,,,,,0,81,50,stay at home mother,47,2,2,5,english,"ny, ny",,,1994,4
4/30/19 20:25,4/30/19 21:10,0,100,2681,1,4/30/19 21:10,R_12Rc50M79FUcDLq,,,,,33.76669312,-84.33630371,anonymous,EN,Chrome,73.0.3683.86,Macintosh,1440x900,1,254,,2011,5,4,2,5,3,4,1,4,3,75,45,5,3,2,3,3,2,2,4,3,2,5,3,4,1,1,2,5,5,5,2,1,3,5,1,1,3,3,,,,,,,,,,,61,10,Lawyer,30,2,2,5,English,"Atlanta, Georgia, USA",,,2011,4
4/30/19 21:07,4/30/19 21:14,0,100,366,1,4/30/19 21:14,R_3mmYKrHqimXKR5V,,,,,37.92689514,-122.3312988,anonymous,EN,Chrome,73.0.3683.103,Macintosh,1440x900,1,254,,2016,3,5,4,5,4,4,1,5,4,76,77,3,4,,1,2,2,,4,3,1,3,,5,1,1,,5,,4,,,,2,1,1,,,,,,,,,,,,50,100,39,law student,24,2,2,"4,5,6",english,"san francisco, ca, usa",,,2016,4
4/30/19 21:39,4/30/19 21:48,0,100,560,1,4/30/19 21:48,R_1FExLzzeXcEyN60,,,,,42.33880615,-71.07260132,anonymous,EN,Chrome,73.0.3683.103,Windows NT 10.0,1536x864,1,254,,2010,5,5,2,3,4,3,1,5,3,81,66,4,3,4,1,2,1,1,4,2,1,4,4,2,1,1,1,4,3,5,1,1,1,3,1,1,4,1,,,,,,,,,,50,82,60,Education Strategy Consultant,31,2,2,5,English,"New York, NY, USA",,,2010,4
5/1/19 00:45,5/1/19 00:49,0,100,265,1,5/1/19 00:49,R_YQhJxZQSW6h0bL3,,,,,40.90390015,-73.83699799,anonymous,EN,Safari,12.1.1,Macintosh,1440x900,1,251,,2018,5,5,3,2,1,1,2,4,5,100,100,,,,,,,,,,2,5,4,5,1,1,1,5,4,5,4,1,2,1,1,1,4,2,3,5,4,5,1,4,1,4,2,100,82,100,grad student,22,1,2,2,English,,,,2018,2
5/1/19 06:23,5/1/19 06:30,0,100,407,1,5/1/19 06:30,R_1Qa5awPViJ0Db73,,,,,38.92080688,-77.03600311,anonymous,EN,Chrome,73.0.3683.103,Macintosh,1440x900,1,254,,2013,4,4,2,3,2,3,1,5,3,76,66,,,,,,,,,1,,,,,1,,1,,,,,,,,,1,,,,,,,,,,,,13,81,19,Policy Analyst,29,2,2,5,English,"Mississauga, Ontario, Canada",,,2013,4
4/30/19 20:59,5/1/19 10:21,0,100,48086,1,5/1/19 10:21,R_2fyedOoAs0e24ye,,,,,37.270401,-79.95349884,anonymous,EN,Firefox,66,Macintosh,1280x800,1,254,,2013,4,4,3,5,4,4,3,5,2,76,49,5,2,1,1,3,2,4,2,2,2,4,3,4,2,,,4,,5,2,1,,4,1,,1,,,,,,,,,,,49,60,20,Medical Student,27,2,2,"1,2",English,"Richmond, VA, USA",,,2013,4
5/1/19 13:17,5/1/19 13:26,0,100,557,1,5/1/19 13:26,R_2Phg4Zln0vkcOrD,,,,,41.78210449,-87.604599,anonymous,EN,Chrome,73.0.3683.103,Macintosh,1280x800,1,254,,2017,5,4,1,2,3,3,1,3,1,50,42,3,2,1,2,3,2,3,3,3,2,2,1,4,1,1,1,2,2,5,3,1,3,4,1,2,3,1,,,,,,,,,,23,94,44,PhD Student,23,2,2,3,English,"Boston, MA, USA",,,2017,4
5/1/19 19:13,5/1/19 19:26,0,100,824,1,5/1/19 19:26,R_30pBov4cpUhyJJL,,,,,45.44590759,-73.58149719,anonymous,EN,Chrome,73.0.3683.103,Windows NT 10.0,1536x864,1,252,,2009,3,5,2,4,2,1,1,5,5,49,75,2,3,4,3,2,2,3,3,3,,,,,,,,,,5,1,1,4,3,3,2,3,2,4,4,4,4,3,5,1,4,3,31,83,74,Fund manager,31,1,2,5,Russian,"Moscow, Russia",,,2009,1
5/1/19 19:50,5/1/19 19:56,0,100,354,1,5/1/19 19:56,R_1K8vbB9CoukotMB,,,,,38.88420105,-76.99410248,anonymous,EN,Safari,12.1,Macintosh,1280x800,1,253,,2018,4,2,1,4,3,2,1,3,2,28,44,4,4,3,2,2,2,1,4,4,1,5,4,4,1,1,1,5,3,,,,,,,,,,3,3,3,2,4,1,1,4,3,4,52,6,,23,1,2,5,English,"New York, NY, USA",,,2018,3
5/1/19 20:23,5/1/19 20:31,0,100,496,1,5/1/19 20:31,R_3kGvVCkMAiCJ7Iy,,,,,43.70449829,-72.28500366,anonymous,EN,Chrome,73.0.3683.103,Macintosh,1280x800,1,253,,2019,3,3,2,3,3,2,3,3,5,,37,,,,,,,,,,1,1,1,1,,,,,,,,,,,,,,,,,,,,,,,,24,,100,N/A,22,1,2,2,Ebonics,Houston,,,2019,3
4/28/19 13:20,5/1/19 20:39,0,100,285571,1,5/1/19 20:39,R_2S8BGnWHZcB9py9,,,,,43.35319519,-72.18379974,anonymous,EN,Firefox,66,Windows NT 10.0,1280x1024,1,252,,2002,3,5,3,5,1,1,1,4,4,77,50,,,,,,,,,,,,,,,,,,,,,,,,,,,,,,,,,,,,,100,100,20,IT Monkey,38,1,2,5,"Bocce, the binary language of load lifters (just kidding, English)","Newton, MA, USA",,,2002,1
5/1/19 23:07,5/1/19 23:17,0,100,592,1,5/1/19 23:17,R_2sQGBGkJUBAyN6Z,,,,,43.70449829,-72.28500366,anonymous,EN,Chrome,73.0.3683.103,Macintosh,1440x900,1,253,,2019,3,3,2,5,2,1,1,3,2,,49,5,4,2,2,2,2,1,4,3,1,5,2,2,1,1,1,5,4,,,,,,,,,,4,4,2,2,2,2,1,3,2,52,,61,Student,22,1,2,5,English,"Boston, Massachusetts, United States",,,2019,3
5/2/19 07:59,5/2/19 08:02,0,100,197,1,5/2/19 08:02,R_PwC1REgP2Yym65z,,,,,34.9250946,-80.72779846,anonymous,EN,Chrome,73.0.3683.103,Windows NT 10.0,1920x1080,1,253,,1992,4,4,3,5,4,2,1,5,2,61,62,,,,,,,,,,,,,,,,,,,,,,,,,,,,,,,,,,,,,17,28,0,Attorney,48,1,2,5,English,"Rockaway Beach, NY, USA",,,1992,3
5/2/19 08:15,5/2/19 08:18,0,100,201,1,5/2/19 08:18,R_1ia2hc8XyPNi042,,,,,40.67399597,-73.9701004,anonymous,EN,Chrome,73.0.3683.103,Windows NT 10.0,1536x864,1,253,,2011,4,3,2,5,4,2,1,5,2,75,52,2,4,3,2,2,2,3,3,,1,5,,5,1,1,,5,,,,,,,,,,,4,4,,3,3,,2,4,,51,100,83,Media Executive,30,1,2,5,English,"New York, NY, USA",,,2011,3
5/2/19 10:45,5/2/19 10:50,0,100,321,1,5/2/19 10:50,R_QaWhm6EOomkXKBb,,,,,47.61149597,-122.1161957,anonymous,EN,Chrome,74.0.3729.131,Windows NT 10.0,1920x1080,1,253,,2013,3,3,1,5,2,1,3,2,2,49,48,2,3,4,2,1,2,1,3,3,1,3,2,2,2,1,1,3,3,,,,,,,,,,4,3,2,2,2,2,1,3,3,12,100,92,UX Researcher ,28,1,2,1,English,"Bellevue, WA, USA",,,2013,3
5/2/19 09:51,5/2/19 10:52,0,100,3634,1,5/2/19 10:52,R_2Yst85LSzsED3We,,,,,38.84640503,-77.14569855,anonymous,EN,Chrome,73.0.3683.103,Windows NT 10.0,2560x1440,1,253,,1992,3,4,2,5,2,2,1,5,3,33,17,3,3,2,1,4,3,3,2,3,1,5,2,3,1,1,1,4,4,,,,,,,,,,3,4,3,2,5,2,2,2,3,34,62,29,Finance,48,1,2,5,E,"NY, NY",,,1992,3
5/2/19 16:13,5/2/19 16:28,0,100,899,1,5/2/19 16:28,R_2YYtvWvrzgEi6OW,,,,,33.59170532,-112.1130981,anonymous,EN,Chrome,74.0.3729.131,Windows NT 10.0,1920x1080,1,252,,2007,4,5,3,5,1,1,1,5,3,100,51,,,,,,,,,,,,,,,,,,,5,2,1,,1,,,1,1,,,,,,,,,,35,100,39,Director of Technology,34,2,2,5,English,"Omaha, NE, USA",,,2007,1
5/1/19 01:46,5/2/19 21:56,0,100,158982,1,5/2/19 21:56,R_cOYjNvRdAvG8xbP,,,,,42.92579651,-76.40519714,anonymous,EN,Chrome,73.0.3683.86,Macintosh,1440x900,1,254,,2003,5,5,4,5,2,5,1,5,3,73,73,4,3,3,2,2,3,1,4,3,2,5,5,4,1,1,1,5,4,5,3,2,2,2,2,1,3,1,,,,,,,,,,48,60,19,Attorney,37,2,2,5,English,"New York, NY, USA",,,2003,4
5/3/19 10:44,5/3/19 11:00,0,100,949,1,5/3/19 11:00,R_2WC5bJYhrhOhTPb,,,,,42.36340332,-71.07129669,anonymous,EN,Chrome,73.0.3683.103,Windows NT 10.0,1536x864,1,251,,2017,4,4,2,1,3,2,2,4,5,97,84,,,,,,,,,,1,5,,3,1,1,1,5,3,3,3,,3,3,1,2,3,,3,4,3,4,4,4,1,4,3,66,90,71,Strategy consultant,24,1,2,5,English,"Montreal, Quebec, Canada",,,2017,2
5/4/19 18:12,5/4/19 21:31,0,100,11970,1,5/4/19 21:31,R_1M5PwqnqpIPBl0D,,,,,33.52180481,-82.08409882,anonymous,EN,Firefox,60,Windows NT 10.0,1920x1080,1,252,,1990,2,4,2,5,2,2,1,5,4,100,100,,,,,,,,,,,,,,,,,,,4,1,1,1,,,,1,,1,,,,,,,,,50,71,41,Professor,50,2,2,5,English,"Stamford, CT, USA",,,1990,1
5/5/19 11:37,5/5/19 11:54,0,100,1035,1,5/5/19 11:54,R_1eVoqgx8oAbFmN4,,,,,29.74499512,-95.73259735,anonymous,EN,Safari,12,Macintosh,1440x900,1,252,,2011,3,5,3,5,1,2,1,5,5,84,87,4,3,1,2,2,2,2,2,2,,,,,,,,,,5,3,1,2,2,1,2,2,1,3,5,2,3,3,3,1,3,3,25,61,40,lawyer,29,2,2,5,English,"Santa Rosa, CA, USA",,,2011,1
4/28/19 12:13,4/28/19 12:18,0,30,313,0,5/5/19 12:19,R_2abt7cPa6MSxvhY,,,,,,,anonymous,EN,Chrome,73.0.3683.103,Windows NT 10.0,1366x768,1,252,,2019,4,4,3,4,2,1,1,4,3,,49,4,3,2,2,3,4,2,2,2,,,,,,,,,,4,2,2,2,2,3,3,2,2,3,4,4,3,4,2,2,3,3,,,,,,,,,,,,,2019,1
4/28/19 12:26,4/28/19 12:30,0,30,238,0,5/5/19 12:30,R_UygihewHpMw2nq9,,,,,,,anonymous,EN,Safari iPad,12.1,iPad,768x1024,1,252,,1992,1,4,3,4,1,1,1,5,3,76,77,3,2,3,3,3,3,3,2,3,,,,,,,,,,3,2,2,1,4,1,4,2,2,4,1,2,1,3,2,4,2,1,,,,,,,,,,,,,1992,1
4/28/19 13:50,4/28/19 13:56,0,59,350,0,5/5/19 13:56,R_1jPucG3X3kQOjlD,,,,,,,anonymous,EN,Chrome,73.0.3683.103,Windows NT 6.1,1280x800,1,252,,2005,3,5,1,5,1,1,1,5,4,84,84,,,,,,,,,,,,,,,,,,,,,,,,,,,,,,,,,,,,,,,,,,,,,,,,,2005,1
4/28/19 14:41,4/28/19 14:44,0,30,156,0,5/5/19 14:47,R_1pL6p7LlKlrPhFd,,,,,,,anonymous,EN,Chrome,73.0.3683.103,Windows NT 10.0,2560x1080,1,252,,2013,3,4,2,3,1,1,1,4,3,66,31,4,1,2,2,4,4,3,2,2,,,,,,,,,,4,2,2,2,2,2,3,2,2,4,3,2,3,2,4,2,3,3,,,,,,,,,,,,,2013,1
4/28/19 14:09,4/28/19 14:47,0,30,2321,0,5/5/19 14:48,R_29h1eESrFPJD9y4,,,,,,,anonymous,EN,Chrome,73.0.3683.103,Macintosh,1024x768,1,252,,1999,3,5,2,4,1,1,1,5,3,52,51,4,1,1,1,1,3,3,1,1,,,,,,,,,,4,1,1,1,1,4,4,1,1,4,1,1,1,3,4,3,1,1,,,,,,,,,,,,,1999,1
5/5/19 15:39,5/5/19 15:51,0,100,682,1,5/5/19 15:51,R_1NEr2e4QDeCZoYJ,,,,,43.70449829,-72.28500366,anonymous,EN,Chrome,73.0.3683.103,Macintosh,1280x800,1,253,,2019,5,4,1,4,3,2,1,4,2,,51,4,4,1,2,2,1,1,4,3,1,4,1,4,1,1,1,5,2,,,,,,,,,,4,4,1,4,3,1,1,3,2,64,,82,Student,21,1,2,5,English,"Walnut Creek, California",,,2019,3
4/28/19 16:56,4/28/19 16:59,0,59,203,0,5/5/19 17:00,R_2pM04Z4b7rmpFLo,,,,,,,anonymous,EN,Chrome,74.0.3729.108,Windows NT 10.0,1536x864,1,252,,2015,3,3,2,4,3,1,1,4,3,62,60,3,3,3,3,3,3,3,3,3,,,,,,,,,,3,3,3,3,3,3,3,3,3,3,3,3,3,3,3,3,3,3,,,,,,,,,,,,,2015,1
4/28/19 17:16,4/28/19 17:52,0,30,2171,0,5/5/19 17:53,R_ZLcX2zmyaysKHlf,,,,,,,anonymous,EN,Safari iPad,Unknown,iPad,768x1024,1,252,,1992,4,5,3,5,1,1,1,5,2,100,76,5,2,4,1,5,4,3,2,3,,,,,,,,,,5,2,3,1,4,3,3,3,3,1,4,4,3,3,2,2,4,5,,,,,,,,,,,,,1992,1
4/28/19 18:12,4/28/19 18:41,0,30,1738,0,5/5/19 18:41,R_O6yreJfu99rsaOJ,,,,,,,anonymous,EN,Firefox,66,Windows NT 10.0,1280x720,1,252,,2007,3,5,3,5,1,1,1,5,3,75,76,4,3,2,1,2,3,2,2,1,,,,,,,,,,5,3,1,1,2,1,1,3,1,5,5,4,3,3,1,2,4,3,,,,,,,,,,,,,2007,1
4/28/19 18:20,4/28/19 18:32,0,30,737,0,5/5/19 19:19,R_33a0MbPWZ60oGKq,,,,,,,anonymous,EN,Chrome,73.0.3683.103,Macintosh,1440x900,1,252,,2019,3,5,2,3,2,1,1,4,3,,63,5,2,3,1,4,4,2,2,2,,,,,,,,,,5,4,2,3,3,3,2,4,2,5,3,2,2,2,1,1,2,2,,,,,,,,,,,,,2019,1
4/28/19 20:34,4/28/19 20:36,0,30,117,0,5/5/19 21:01,R_2Pb4AZXuhWpolnX,,,,,,,anonymous,EN,Chrome,73.0.3683.103,Windows NT 10.0,1280x720,1,252,,2004,3,5,2,4,2,2,1,4,1,75,52,,,,,,,,,,,,,,,,,,,,,,,,,,,,,,,,,,,,,,,,,,,,,,,,,2004,1
4/29/19 07:38,4/29/19 07:43,0,30,309,0,5/6/19 07:44,R_2uxLaDAlH8jcvfS,,,,,,,anonymous,EN,Chrome,74.0.3729.108,Windows NT 10.0,1920x1080,1,252,,2009,2,4,1,3,2,1,1,4,2,63,66,5,1,3,2,2,2,3,3,1,,,,,,,,,,5,2,2,3,4,2,4,2,1,3,3,3,3,3,5,2,3,1,,,,,,,,,,,,,2009,1
4/29/19 08:38,4/29/19 08:45,0,30,416,0,5/6/19 08:45,R_2zuJPxSIq1jCfWM,,,,,,,anonymous,EN,Chrome,73.0.3683.103,Windows NT 10.0,1920x1080,1,252,,2007,2,5,2,5,1,2,1,5,3,75,66,2,4,5,4,3,2,3,4,5,,,,,,,,,,5,1,1,1,4,5,4,1,1,5,4,4,3,3,5,3,4,4,,,,,,,,,,,,,2007,1
4/29/19 09:48,4/29/19 09:51,0,30,180,0,5/6/19 09:51,R_tWzIkB70bc5LAMp,,,,,,,anonymous,EN,Chrome,74.0.3729.108,Windows NT 10.0,1536x864,1,251,,2017,3,4,1,2,3,2,1,4,5,76,51,,,,,,,,,,1,4,2,2,1,1,1,3,3,3,2,1,2,3,1,1,2,1,3,4,2,4,3,3,1,4,2,,,,,,,,,,,,,2017,2
4/29/19 10:19,4/29/19 10:24,0,30,254,0,5/6/19 10:24,R_2zdpqse5MhSy4CK,,,,,,,anonymous,EN,Chrome,61.0.3163.79,Windows NT 10.0,1536x864,1,252,,2009,3,5,3,3,1,1,1,5,5,89,88,,,,,,,,,,,,,,,,,,,5,1,1,1,5,5,5,1,1,5,1,1,1,3,4,4,1,1,,,,,,,,,,,,,2009,1
5/6/19 11:07,5/6/19 11:19,0,100,718,1,5/6/19 11:19,R_p6q4ctcemYfbZfP,,,,,37.49279785,-77.47000122,anonymous,EN,Chrome,74.0.3729.131,Windows NT 6.1,1920x1080,1,252,,2005,2,5,2,5,4,1,1,5,5,100,100,,,,,,,,,,,,,,,,,,,,,,,,,,,,,,,,,,,,,0,0,0,Pediatric Neuropsychologist,36,1,2,5,English,"Webster, TX, USA",,,2005,1
4/29/19 11:32,4/29/19 11:36,0,30,211,0,5/6/19 11:36,R_3lEVAsoFcngZOkt,,,,,,,anonymous,EN,Chrome,73.0.3683.103,Macintosh,1280x800,1,251,,2019,4,4,1,3,3,3,1,4,4,,75,,,,,,,,,,2,4,2,3,2,1,1,4,3,5,3,1,3,3,3,1,4,2,4,4,1,3,2,2,1,4,2,,,,,,,,,,,,,2019,2
4/29/19 13:06,4/29/19 13:11,0,30,297,0,5/6/19 13:11,R_3h4L6c0uVW99tcj,,,,,,,anonymous,EN,Chrome,74.0.3729.108,Windows NT 10.0,1536x864,1,251,,2004,4,4,2,3,3,2,4,2,4,65,35,,,,,,,,,,1,5,4,4,1,1,1,5,3,4,3,2,2,3,2,3,2,2,3,5,4,3,3,3,3,4,3,,,,,,,,,,,,,2004,2
4/29/19 12:16,4/29/19 13:25,0,59,4140,0,5/6/19 13:25,R_W341ZuPhaFZ9Idz,,,,,,,anonymous,EN,Chrome,74.0.3729.108,Macintosh,2048x1152,1,251,,1993,4,2,2,3,3,4,2,2,3,47,28,,,,,,,,,,2,4,4,4,2,2,2,4,4,4,2,3,3,2,2,1,4,2,2,4,3,1,5,4,2,2,3,,,,,,,,,,,,,1993,2
4/29/19 14:56,4/29/19 15:13,0,29,1013,0,5/6/19 15:13,R_1qW1MsZG9e4o926,,,,,,,anonymous,EN,Chrome,73.0.3683.103,Windows NT 10.0,1536x864,1,251,,2019,5,3,2,3,1,2,2,3,4,,76,,,,,,,,,,,,,,,,,,,,,,,,,,,,,,,,,,,,,,,,,,,,,,,,,2019,2
4/29/19 18:02,4/29/19 18:08,0,30,323,0,5/6/19 18:08,R_ZmfCCT30tOgITst,,,,,,,anonymous,EN,Chrome,74.0.3729.108,Windows NT 6.1,1536x864,1,251,,2014,3,4,2,3,1,1,2,5,3,62,50,,,,,,,,,,1,5,3,3,1,1,2,5,2,3,3,2,2,3,2,2,3,2,4,5,4,2,3,3,2,4,3,,,,,,,,,,,,,2014,2
4/29/19 14:05,4/29/19 18:10,0,38,14702,0,5/6/19 18:10,R_2CKfknWDGIj0AUx,,,,,,,anonymous,EN,Safari,12.1,Macintosh,1680x1050,1,252,,1991,2,5,3,5,1,1,1,5,4,74,76,,,,,,,,,,,,,,,,,,,5,1,1,2,1,1,1,2,1,,,,,,,,,,,,,,,,,,,,,,1991,1
4/29/19 18:02,4/29/19 18:10,0,30,530,0,5/6/19 18:10,R_aXilTnuOiRhKpix,,,,,,,anonymous,EN,Firefox,66,Linux x86_64,1920x1080,1,251,,2009,5,5,4,3,4,3,2,4,3,95,85,,,,,,,,,,2,5,4,4,1,1,1,5,5,5,2,3,3,5,2,1,4,1,5,5,3,3,4,4,1,4,2,,,,,,,,,,,,,2009,2
4/29/19 20:13,4/29/19 20:16,0,30,167,0,5/6/19 20:16,R_3kHUhcSn5Ooiewl,,,,,,,anonymous,EN,Chrome,73.0.3683.103,Macintosh,1440x900,1,252,,2013,3,4,2,3,1,1,2,4,4,62,49,4,2,,2,3,2,,4,2,,,,,,,,,,,,,,,,,,,,,,,,,,,,,,,,,,,,,,,,2013,1
5/6/19 20:12,5/6/19 20:27,0,100,879,1,5/6/19 20:27,R_1CguDejGvoATSxB,,,,,44.06829834,-123.0763016,anonymous,EN,Chrome,73.0.3683.103,Macintosh,1440x900,1,254,,2011,5,5,3,3,4,5,1,5,3,50,49,2,4,3,2,2,3,1,4,4,,,,,,,,,,5,1,1,1,3,1,1,3,1,,,,,,,,,,24,82,60,Graduate Student,29,2,2,5,English,"San Francisco, CA, USA",,,2011,4
4/29/19 21:16,4/29/19 21:27,0,30,669,0,5/6/19 21:28,R_271kt0mZG99hebD,,,,,,,anonymous,EN,Chrome,73.0.3683.103,Macintosh,1680x1050,1,251,,2009,5,4,4,3,1,2,1,5,3,84,76,,,,,,,,,,1,5,4,4,1,1,1,5,5,5,1,3,3,3,2,1,4,2,4,5,5,4,2,5,1,5,4,,,,,,,,,,,,,2009,2
4/30/19 07:55,4/30/19 07:57,0,30,131,0,5/7/19 07:57,R_1mza9YjjigSs4QY,,,,,,,anonymous,EN,Safari,12,Macintosh,1280x800,1,252,,2006,3,4,1,4,3,1,3,4,4,54,47,3,3,3,2,2,1,4,2,3,,,,,,,,,,5,1,1,3,2,1,1,3,1,5,1,1,3,2,5,2,2,1,,,,,,,,,,,,,2006,1
4/30/19 10:25,4/30/19 10:30,0,30,314,0,5/7/19 10:30,R_ekQ5aOfNWB3qs0N,,,,,,,anonymous,EN,Chrome,74.0.3729.108,Windows NT 10.0,1536x864,1,252,,2015,2,4,3,5,1,1,1,5,4,84,85,3,4,2,4,2,3,1,4,4,,,,,,,,,,5,1,1,2,1,4,3,2,1,2,4,4,3,3,3,2,3,4,,,,,,,,,,,,,2015,1
4/30/19 10:04,4/30/19 10:34,0,30,1793,0,5/7/19 10:34,R_3EulkPNveHadRGF,,,,,,,anonymous,EN,Chrome,74.0.3729.108,Macintosh,1680x1050,1,252,,2003,2,5,3,5,2,1,1,5,5,76,96,,,4,,4,,,4,,,,,,,,,,,,,,,,,,,,,,,,,,,,,,,,,,,,,,,,,2003,1
4/29/19 07:32,4/30/19 12:16,0,30,103463,0,5/7/19 12:16,R_ZIwVWxLyJ75b105,,,,,,,anonymous,EN,Chrome,73.0.3683.103,Windows NT 6.1,1920x1080,1,252,,2004,2,4,3,4,2,1,1,3,3,49,49,4,1,2,3,2,2,2,2,2,,,,,,,,,,4,2,2,2,3,2,2,2,3,3,4,2,2,2,2,1,2,2,,,,,,,,,,,,,2004,1
4/30/19 15:58,4/30/19 16:04,0,30,312,0,5/7/19 16:04,R_2fB6DC8wkd1hT3f,,,,,,,anonymous,EN,Chrome,74.0.3729.108,Windows NT 10.0,1280x720,1,252,,2012,3,5,4,4,2,1,1,4,3,78,79,5,1,,2,3,4,,2,,,,,,,,,,,4,1,,1,3,2,,1,,5,2,3,3,2,4,1,3,,,,,,,,,,,,,,2012,1
5/7/19 16:48,5/7/19 16:54,0,100,379,1,5/7/19 16:54,R_3KvDZNZPGD0Anbk,,,,,40.73590088,-73.99040222,anonymous,EN,Chrome,73.0.3683.103,Macintosh,1440x900,1,253,,2014,4,3,1,2,3,2,1,4,3,67,64,4,3,4,2,2,2,2,3,4,2,3,4,3,1,1,1,4,4,,,,,,,,,,4,5,3,4,4,3,1,5,4,4,75,33,Law Student,26,1,2,5,English,"Cincinnati, Ohio, USA",,,2014,3
4/30/19 19:04,4/30/19 19:08,0,30,223,0,5/7/19 19:09,R_AFdGkruGsIIA1C9,,,,,,,anonymous,EN,Chrome,70.0.3538.77,Macintosh,1440x900,1,252,,2013,4,4,4,5,3,1,1,5,5,76,76,4,3,,,,,,,,,,,,,,,,,5,,,,,,,,,,,,,,,,,,,,,,,,,,,,,,2013,1
5/8/19 00:16,5/8/19 00:19,0,100,192,1,5/8/19 00:19,R_1E5vicp2pbBLYRM,,,,,39.63819885,-106.6205978,anonymous,EN,Chrome,73.0.3683.86,Macintosh,1440x900,1,253,,2016,4,4,3,5,2,1,1,5,4,51,28,2,3,3,3,2,3,2,3,3,2,4,3,4,2,2,1,4,3,,,,,,,,,,3,5,4,5,2,2,1,5,4,7,60,39,Ski patroller,25,1,2,5,English,"Denver, CO USA",,,2016,3
5/8/19 09:45,5/8/19 09:52,0,100,396,1,5/8/19 09:52,R_6AnJwAchyTLvSuJ,,,,,42.31059265,-71.27469635,anonymous,EN,Safari,12.1,Macintosh,2560x1440,1,253,,1993,4,2,4,5,1,1,1,5,3,76,55,4,2,2,2,4,3,3,2,2,,,,,,,,,,,,,,,,,,,2,2,2,2,4,2,3,2,3,51,81,100,Retired,49,1,2,5,English,"Boston, MA, USA",,,1993,3
4/28/19 13:14,5/1/19 11:52,0,30,254295,0,5/8/19 11:52,R_54uXdJZyNEu7P2N,,,,,,,anonymous,EN,Chrome,73.0.3683.86,Linux x86_64,1920x1200,1,252,,2011,3,4,3,3,1,1,1,4,3,52,51,2,2,1,1,1,1,1,2,2,,,,,,,,,,3,2,1,1,3,2,1,2,1,2,3,1,1,1,1,1,3,3,,,,,,,,,,,,,2011,1
4/29/19 09:35,5/1/19 12:40,0,59,183899,0,5/8/19 12:41,R_3VllMD7zuycrdLz,,,,,,,anonymous,EN,Chrome,73.0.3683.103,Windows NT 10.0,1564x1043,1,252,,2015,4,4,2,5,2,2,1,5,3,76,54,5,2,2,3,5,3,3,2,2,,,,,,,,,,5,2,1,1,1,1,2,2,2,3,3,2,4,2,3,2,4,3,,,,,,,,,,,,,2015,1
5/8/19 13:50,5/8/19 13:55,0,100,299,1,5/8/19 13:55,R_1opd3B9YDaeD1ny,,,,,24.56149292,-81.78179932,anonymous,EN,Chrome,73.0.3683.103,Macintosh,1440x900,1,254,,2009,4,5,4,5,3,3,1,5,3,100,100,3,4,3,5,3,3,2,4,4,,,,,,,,,,5,1,1,2,1,1,1,5,3,,,,,,,,,,1,20,0,Gallery Owner,31,2,2,5,English,"Morristown, NJ, USA",,,2009,4
5/1/19 21:11,5/1/19 21:14,0,30,139,0,5/8/19 21:14,R_3PIcn3KYvHmj0S7,,,,,,,anonymous,EN,Chrome,73.0.3683.86,Macintosh,1440x900,1,253,,2018,5,4,2,4,4,3,2,4,2,70,71,3,3,3,3,3,3,2,3,4,2,5,3,3,1,1,1,4,4,,,,,,,,,,4,4,4,4,4,3,1,4,4,,,,,,,,,,,,,2018,3
5/1/19 14:22,5/2/19 02:27,0,30,43474,0,5/9/19 02:28,R_1dnQiZOu7u4o1zs,,,,,,,anonymous,EN,Chrome,73.0.3683.103,Macintosh,1440x900,1,254,,2017,4,4,2,4,3,3,1,4,2,66,44,4,4,3,2,3,2,3,3,4,2,5,2,5,2,1,1,5,2,5,2,1,3,5,1,1,3,1,,,,,,,,,,,,,,,,,,,,,,2017,4
5/2/19 03:44,5/2/19 03:48,0,30,225,0,5/9/19 03:49,R_27iZbrQPoHO13Zo,,,,,,,anonymous,EN,Safari iPad,Unknown,iPad,768x1024,1,253,,1989,5,5,4,5,3,3,1,4,2,80,52,4,4,1,3,3,3,2,4,3,1,5,3,3,2,1,1,3,5,,,,,,,,,,2,3,3,3,3,3,3,3,3,,,,,,,,,,,,,1989,3
5/2/19 04:51,5/2/19 04:54,0,30,129,0,5/9/19 04:54,R_33kioVTS6QqpPLR,,,,,,,anonymous,EN,Chrome,73.0.3683.86,Macintosh,1440x900,1,253,,2012,4,3,1,2,2,1,1,3,2,49,24,,,,,,,,,,,,,,,,,,,,,,,,,,,,,,,,,,,,,,,,,,,,,,,,,2012,3
5/1/19 19:48,5/2/19 07:31,0,30,42173,0,5/9/19 07:31,R_248x4CYHF1kcgSJ,,,,,,,anonymous,EN,Chrome,73.0.3683.103,Macintosh,1680x1050,1,253,,2019,3,4,2,4,1,1,1,4,3,,58,3,3,4,2,1,3,2,3,4,,,,,,,,,,,,,,,,,,,,,,,,,,,,,,,,,,,,,,,,2019,3
5/2/19 11:10,5/2/19 11:15,0,30,256,0,5/9/19 11:15,R_12M6P9NEmMrnJnq,,,,,,,anonymous,EN,Chrome,73.0.3683.103,Macintosh,1920x1200,1,253,,2012,4,4,1,4,3,1,1,5,3,76,23,2,3,,1,2,3,2,3,3,1,,,,1,1,,4,4,,,,,,,,,,3,4,3,2,1,3,1,4,2,,,,,,,,,,,,,2012,3
4/29/19 14:41,5/2/19 17:15,0,59,268436,0,5/9/19 17:15,R_1pxw44iLu2zBx9b,,,,,,,anonymous,EN,Safari,10.1.2,Macintosh,1680x1050,1,252,,2018,3,5,1,4,3,2,2,4,3,60,72,,,,,,,,,,,,,,,,,,,5,1,1,1,1,1,1,1,1,5,3,2,2,1,2,2,2,1,,,,,,,,,,,,,2018,1
5/2/19 19:49,5/2/19 19:51,0,30,112,0,5/9/19 19:53,R_3lR0VHSjXgvBvzR,,,,,,,anonymous,EN,Chrome,74.0.3729.131,Macintosh,1440x900,1,253,,2013,4,4,1,4,4,1,1,5,3,100,76,3,4,4,4,2,2,2,4,5,,,,,,,,,,,,,,,,,,,4,5,4,4,4,,1,5,3,,,,,,,,,,,,,2013,3
5/9/19 21:13,5/9/19 21:23,0,100,613,1,5/9/19 21:23,R_8cSMXkSzgyxS8vv,,,,,43.70449829,-72.28500366,anonymous,EN,Chrome,73.0.3683.103,Macintosh,1280x800,1,253,,2019,1,3,1,3,2,1,1,4,3,,36,4,2,2,2,2,3,3,3,4,1,5,3,5,1,1,1,5,3,,,,,,,,,,3,4,2,4,3,2,1,4,3,32,,54,Student,22,1,2,5,English,"Boston, MA, United States",,,2019,3
5/9/19 22:07,5/9/19 22:20,0,100,790,1,5/9/19 22:20,R_3nqR5WS5COdK1h1,,,,,44.95480347,-93.15509796,anonymous,EN,Chrome,72.0.3626.96,Macintosh,1280x800,1,252,,2017,4,5,2,5,1,1,1,4,3,58,80,4,3,2,1,3,2,1,3,4,,,,,,,,,,5,1,2,1,3,2,1,2,1,3,4,3,1,5,3,2,3,3,14,19,0,Regulatory Data Specialist,24,2,2,5,English,"Minneapolis, MN",,,2017,1
5/3/19 06:57,5/3/19 07:13,0,30,963,0,5/10/19 07:13,R_VI6rbskxwJLRpjX,,,,,,,anonymous,EN,Chrome,74.0.3729.131,Windows NT 6.3,1600x900,1,253,,1991,5,2,3,4,3,3,2,4,2,76,77,,,,,,,,,,,,,,,,,,,,,,,,,,,,,,,,,,,,,,,,,,,,,,,,,1991,3
5/3/19 09:38,5/3/19 09:41,0,30,177,0,5/10/19 09:42,R_1EgMYwrdW0aTH9u,,,,,,,anonymous,EN,Chrome,73.0.3683.103,Macintosh,1440x900,1,253,,2018,4,4,3,5,4,1,1,5,3,83,74,3,4,2,1,2,3,3,4,3,1,5,4,2,1,1,1,5,1,,,,,,,,,,4,5,3,4,3,1,1,5,4,,,,,,,,,,,,,2018,3
5/10/19 14:22,5/10/19 15:03,0,100,2428,1,5/10/19 15:03,R_D5EgjROKVlbIhd7,,,,,36.16850281,-115.1164017,anonymous,EN,Chrome,74.0.3729.131,Windows NT 10.0,1920x1080,1,251,,1998,4,5,5,5,3,3,1,5,5,76,100,,,,,,,,,,1,3,,4,1,1,,4,3,5,1,1,5,1,1,1,3,1,3,5,4,5,3,3,1,5,4,17,84,84,Investment Manager,43,1,2,5,English,"Philadelphia, PA, USA",,,1998,2
4/29/19 06:33,5/3/19 15:42,0,30,378527,0,5/10/19 15:42,R_1QmGxzONzyDPAWW,,,,,,,anonymous,EN,Chrome,73.0.3683.103,Windows NT 6.1,1920x1200,1,252,,2006,3,5,1,5,1,1,1,5,3,75,77,3,3,2,3,1,1,2,3,1,,,,,,,,,,5,1,1,2,2,2,3,2,1,4,4,1,2,3,1,1,3,1,,,,,,,,,,,,,2006,1
5/3/19 16:00,5/3/19 16:03,0,30,176,0,5/10/19 16:03,R_3F5ufenKEidtSwR,,,,,,,anonymous,EN,Chrome,73.0.3683.103,Windows NT 10.0,1280x720,1,253,,2011,4,3,1,3,3,2,1,3,2,44,35,,,,,,,,,,,,,,,,,,,,,,,,,,,,,,,,,,,,,,,,,,,,,,,,,2011,3
5/11/19 06:14,5/11/19 06:38,0,100,1479,1,5/11/19 06:38,R_1EcvPuvU99g79rN,,,,,42.31199646,-71.10810089,anonymous,EN,Chrome,74.0.3729.131,Windows NT 10.0,1536x864,1,251,,1996,4,4,3,2,4,2,3,3,5,77,73,,,,,,,,,,1,5,3,3,1,1,1,5,3,4,3,2,3,3,1,2,3,3,4,5,5,4,4,3,1,4,4,77,99,100,Lawyer,45,1,2,5,English and Spanish,"Boston, MA, USA",,,1996,2
5/1/19 15:39,5/4/19 07:48,0,30,230998,0,5/11/19 07:49,R_SYIgk37PwoTWmNb,,,,,,,anonymous,EN,Chrome,72.0.3626.109,Macintosh,1280x800,1,254,,2011,3,3,3,4,2,4,1,4,2,50,49,3,4,3,3,3,2,2,4,3,5,1,1,1,4,5,4,1,1,5,2,2,1,2,1,2,4,1,,,,,,,,,,,,,,,,,,,,,,2011,4
5/12/19 09:59,5/12/19 10:25,0,100,1525,1,5/12/19 10:25,R_2f7KQLeQMnCXtpO,,,,,42.45669556,-71.37470245,anonymous,EN,Chrome,74.0.3729.131,Macintosh,1280x800,1,251,,2018,3,5,2,2,3,1,1,4,5,67,50,,,,,,,,,,1,5,4,4,1,1,1,4,5,4,3,2,1,4,1,1,3,3,4,3,2,4,5,4,1,5,3,25,100,100,Sales,22,1,2,5,English,"Boston, MA",,,2018,2
5/5/19 10:57,5/5/19 11:01,0,30,258,0,5/12/19 11:01,R_2SIxKJXPGn9NyVV,,,,,,,anonymous,EN,Chrome,74.0.3729.131,Macintosh,1440x900,1,252,,1998,3,5,2,5,1,1,1,5,4,76,76,4,1,1,1,4,4,3,1,1,,,,,,,,,,2,1,1,1,1,1,1,2,1,1,1,4,2,4,2,2,2,4,,,,,,,,,,,,,1998,1
5/6/19 06:33,5/6/19 10:07,0,45,12836,0,5/13/19 10:07,R_2aahyu55teLV8QO,,,,,,,anonymous,EN,Firefox,66,Windows NT 10.0,1920x1080,1,252,,2007,4,5,4,5,3,1,1,5,5,76,76,5,3,2,4,3,5,3,3,2,,,,,,,,,,5,3,2,1,3,3,3,2,3,4,5,5,3,3,3,2,4,4,,,,,,,,,,,,,2007,1
5/13/19 11:39,5/13/19 11:45,0,100,334,1,5/13/19 11:45,R_30ei7WUY7OKpPw6,,,,,43.70449829,-72.28500366,anonymous,EN,Chrome,74.0.3729.131,Macintosh,1280x800,1,252,,2019,3,5,2,4,1,1,1,5,3,,24,4,4,3,2,3,1,1,4,4,,,,,,,,,,5,2,1,2,5,2,1,2,2,4,4,2,4,5,1,1,4,3,2,,10,student,21,2,2,5,English,"East Norwich, NY, USA",,,2019,1
5/6/19 12:10,5/6/19 14:54,0,30,9817,0,5/13/19 14:54,R_2aE3cpLe4nKIkyf,,,,,,,anonymous,EN,Chrome,73.0.3683.103,Macintosh,1680x1050,1,251,,2017,4,5,3,3,2,2,2,4,4,100,49,,,,,,,,,,2,4,4,4,1,1,1,5,4,4,3,3,4,3,1,1,4,2,4,4,3,5,3,2,1,5,4,,,,,,,,,,,,,2017,2
5/13/19 17:22,5/13/19 17:58,0,100,2178,1,5/13/19 17:58,R_1k0u8KX4HGBQzAy,,,,,43.70449829,-72.28500366,anonymous,EN,Chrome,74.0.3729.131,Macintosh,1440x900,1,252,,2019,4,5,2,2,1,1,2,2,3,,38,5,3,3,2,5,3,3,2,2,,,,,,,,,,5,3,2,4,3,3,2,3,2,5,3,2,2,3,1,1,3,1,64,,40,Student ,22,1,2,5,English,"Syracuse, NY, USA",,,2019,1
5/6/19 22:04,5/6/19 22:09,0,30,285,0,5/13/19 22:09,R_1LUxXqY6sl76til,,,,,,,anonymous,EN,Chrome,73.0.3683.103,Windows NT 10.0,1235x823,1,252,,2005,4,5,2,5,2,1,2,5,3,51,51,,,,,,,4,,,,,,,,,,,,4,,,,,,,,,,,,,,,,,,,,,,,,,,,,,,2005,1
5/7/19 15:25,5/7/19 15:30,0,30,302,0,5/14/19 15:30,R_110zqY6XGCHlboV,,,,,,,anonymous,EN,Chrome,73.0.3683.86,Macintosh,1280x800,1,253,,2019,4,3,2,4,2,2,2,4,2,,76,3,3,3,4,1,2,2,3,5,1,3,2,4,2,1,2,4,5,,,,,,,,,,3,3,2,3,2,2,1,4,3,,,,,,,,,,,,,2019,3
5/7/19 15:35,5/7/19 15:39,0,30,207,0,5/14/19 15:39,R_2wGFPBeGD9uL9mT,,,,,,,anonymous,EN,Chrome,73.0.3683.103,Windows NT 10.0,1366x768,1,253,,1995,5,4,3,4,3,2,2,4,3,50,50,,,,,,,,,,,,,4,,,2,5,,,,,,,,,,,,,,,4,,,2,,,,,,,,,,,,,,1995,3
5/15/19 10:45,5/15/19 11:09,0,100,1479,1,5/15/19 11:09,R_2VgXe328SO5HOzA,,,,,42.17640686,-72.57610321,anonymous,EN,Chrome,74.0.3729.131,Windows NT 10.0,1280x720,1,252,,2002,2,4,3,4,2,1,1,5,3,59,60,4,2,,,3,,3,,,,,,,,,,,,,,,,,,,,,5,1,,,,5,,,,37,100,29,Security Analyst,39,1,2,5,English,"Holyoke, MA, USA",,,2002,1
5/8/19 11:24,5/8/19 11:28,0,30,262,0,5/15/19 11:28,R_1JXtxHDFr56w5sJ,,,,,,,anonymous,EN,Chrome,73.0.3683.103,Macintosh,1280x800,1,251,,2018,2,4,4,3,4,2,2,4,4,60,50,,,,,,,,,,1,4,2,4,2,1,1,4,3,3,2,2,3,2,2,1,4,2,3,3,2,4,2,3,1,4,2,,,,,,,,,,,,,2018,2
5/11/19 14:00,5/11/19 14:07,0,30,433,0,5/18/19 14:08,R_1LItQUiznYfYeDs,,,,,,,anonymous,EN,Chrome,74.0.3729.131,Windows NT 10.0,1920x1080,1,252,,2006,4,4,2,3,1,1,1,5,3,76,51,,,,,,,,,,,,,,,,,,,,,,,,,,,,,,,,,,,,,,,,,,,,,,,,,2006,1
5/11/19 14:28,5/11/19 14:29,0,30,72,0,5/18/19 14:30,R_rcdJDC5NL0GudKp,,,,,,,anonymous,EN,Firefox,66,Windows NT 10.0,2560x1440,1,252,,2006,2,4,2,3,1,1,1,5,4,63,74,5,,,,,,,,,,,,,,,,,,5,,,,,,,,,4,,,,,,,,,,,,,,,,,,,,,2006,1
5/9/19 16:26,5/13/19 14:55,0,30,340167,0,5/20/19 14:57,R_1qap2WMykzkByOp,,,,,,,anonymous,EN,Safari,12.1,Macintosh,1440x900,1,252,,2017,3,4,2,3,2,1,1,4,4,63,50,5,4,,,3,4,,,,,,,,,,,,,5,3,,3,4,2,1,3,,4,5,,2,4,4,1,3,,,,,,,,,,,,,,2017,1
5/13/19 14:51,5/13/19 14:56,0,30,297,0,5/20/19 14:57,R_6J9eARL6GJBZbJ7,,,,,,,anonymous,EN,Chrome,74.0.3729.131,Macintosh,1280x800,1,254,,2019,4,4,2,3,3,2,1,5,2,,64,4,4,2,1,2,2,1,3,2,4,5,2,5,2,1,1,5,2,4,5,2,3,2,2,1,4,2,,,,,,,,,,,,,,,,,,,,,,2019,4
5/13/19 18:55,5/13/19 21:48,0,30,10349,0,5/20/19 21:48,R_1eCwyEPMckDLR1c,,,,,,,anonymous,EN,Chrome,74.0.3729.131,Windows NT 10.0,1366x768,1,251,,2002,3,3,2,4,3,2,1,4,4,54,66,,,,,,,,,,2,4,,,1,1,1,5,,4,2,,3,2,2,1,2,,1,,,1,4,1,4,1,,,,,,,,,,,,,,2002,2
5/14/19 10:20,5/14/19 10:23,0,30,196,0,5/21/19 10:23,R_3O0ICuz39PMkw5w,,,,,,,anonymous,EN,Chrome,73.0.3683.88,CrOS x86_64 11647.104.0,1517x853,1,252,,1991,3,4,3,5,1,1,1,5,3,77,88,4,1,2,1,4,4,5,1,2,,,,,,,,,,4,1,1,1,3,4,5,1,1,3,3,3,2,2,2,2,3,4,,,,,,,,,,,,,1991,1