CASEID,V1,V3179_Grades,V3208_Happyness,RESPONDENT_AGE,V3150_Gender,V3490_Hrsincomputer,V3518_HrsInternet,V3519_VG,V3523Hrs_Text,V3524_HrstalkCell,V3527_HrsSocialNet,V3528_HrsVideoChat,,,,,,,,,,,
1,2013,4,2,1,2,3,2,9,9,5,9,5,,,SUMMARY OUTPUT,,,,,,,,
2,2013,8,2,1,2,3,6,9,9,9,3,1,,,,,,,,,,,
3,2013,3,2,2,1,3,2,3,6,5,2,3,,,Regression Statistics,,,,,,,,
4,2013,4,2,1,-9,-9,-9,-9,-9,-9,-9,-9,,,Multiple R,0.572332526,,,,,,,
5,2013,-9,-9,2,2,1,1,1,8,3,3,1,,,R Square,0.32756452,,,,,,,
6,2013,9,3,2,-9,5,6,1,9,9,5,4,,,Adjusted R Square,0.32449544,,,,,,,
7,2013,-9,1,1,2,-9,-9,-9,-9,-9,-9,-9,,,Standard Error,3.221660329,,,,,,,
8,2013,6,2,2,1,4,5,9,9,9,9,1,,,Observations,2202,,,,,,,
9,2013,9,2,2,1,1,1,1,1,1,1,1,,,,,,,,,,,
10,2013,9,2,1,2,1,1,5,9,9,9,9,,,ANOVA,,,,,,,,
11,2013,6,2,2,2,1,4,9,9,9,6,2,,,,df,SS,MS,F,Significance F,,,
12,2013,9,1,2,1,2,5,2,2,2,2,2,,,Regression,10,11077.66202,1107.766202,106.7305168,1.0912E-180,,,
13,2013,9,2,2,1,2,6,4,4,2,1,1,,,Residual,2191,22740.59774,10.37909527,,,,,
14,2013,8,3,2,2,4,6,2,3,1,2,1,,,Total,2201,33818.25976,,,,,,
15,2013,8,2,2,2,4,4,3,5,5,4,3,,,,,,,,,,,
16,2013,9,2,2,2,1,1,1,1,1,1,1,,,,Coefficients,Standard Error,t Stat,P-value,Lower 95%,Upper 95%,Lower 95.0%,Upper 95.0%
17,2013,7,2,2,2,-9,-9,-9,-9,-9,-9,-9,,,Intercept,3.750815534,0.174014044,21.5546714,1.29425E-93,3.409565762,4.092065306,3.409565762,4.092065306
18,2013,-9,2,-9,-9,-9,-9,3,9,5,4,2,,,V3208_Happyness,0.325391136,0.069125351,4.707261952,2.6675E-06,0.189833052,0.460949219,0.189833052,0.460949219
19,2013,-9,2,2,1,-9,-9,-9,-9,-9,-9,-9,,,RESPONDENT_AGE,0.634249444,0.046940206,13.51185904,5.09247E-40,0.54219748,0.726301408,0.54219748,0.726301408
20,2013,-9,2,1,2,-9,-9,-9,-9,-9,-9,-9,,,V3150_Gender,0.092707396,0.035983627,2.576377181,0.010049094,0.022141801,0.163272991,0.022141801,0.163272991
21,2013,-9,2,-9,-9,-9,-9,-9,-9,-9,-9,-9,,,V3490_Hrsincomputer,0.246960328,0.033000262,7.483586858,1.04119E-13,0.182245253,0.311675403,0.182245253,0.311675403
22,2013,-9,1,-9,-9,-9,-9,-9,-9,-9,-9,-9,,,V3518_HrsInternet,0.036022517,0.032935339,1.09373451,0.274191665,-0.028565241,0.100610276,-0.028565241,0.100610276
23,2013,5,2,-9,-9,4,2,3,3,5,3,2,,,V3519_VG,-0.052458126,0.032027917,-1.637887543,0.101588747,-0.115266387,0.010350134,-0.115266387,0.010350134
24,2013,6,2,1,1,3,3,5,9,7,8,5,,,V3523Hrs_Text,0.063846339,0.036896228,1.730430002,0.083694283,-0.008508909,0.136201587,-0.008508909,0.136201587
25,2013,5,3,2,1,-9,-9,-9,-9,-9,-9,-9,,,V3524_HrstalkCell,-0.089147055,0.046256484,-1.927233715,0.054079665,-0.179858209,0.001564098,-0.179858209,0.001564098
26,2013,6,3,2,2,3,9,9,9,9,9,9,,,V3527_HrsSocialNet,0.006597514,0.040528224,0.162788133,0.870700264,-0.07288025,0.086075278,-0.07288025,0.086075278
27,2013,7,3,2,2,-9,-9,-9,-9,-9,-9,-9,,,V3528_HrsVideoChat,0.062644899,0.04182442,1.497806776,0.134327507,-0.019374766,0.144664565,-0.019374766,0.144664565
28,2013,3,2,1,1,3,3,9,9,9,9,9,,,,,,,,,,,
29,2013,2,2,2,1,-9,-9,-9,-9,-9,-9,-9,,,,,,,,,,,
30,2013,7,3,2,1,-9,-9,-9,-9,-9,-9,-9,,,,,,,,,,,
31,2013,6,2,2,-9,1,1,1,1,1,1,1,,,,,,,,,,,
32,2013,6,3,1,1,-9,-9,-9,-9,-9,-9,-9,,,,,,,,,,,
33,2013,4,1,2,1,4,2,9,6,3,5,1,,,,,,,,,,,
34,2013,3,2,2,2,3,3,3,4,2,4,3,,,,,,,,,,,
35,2013,7,3,2,2,4,3,1,6,2,2,1,,,,,,,,,,,
36,2013,3,2,-9,-9,2,1,6,1,1,7,1,,,,,,,,,,,
37,2013,8,2,2,2,3,5,7,9,3,6,7,,,,,,,,,,,
38,2013,8,3,1,2,3,2,3,6,4,2,1,,,,,,,,,,,
39,2013,9,2,1,2,3,2,1,2,2,2,1,,,,,,,,,,,
40,2013,9,3,1,1,6,7,-9,7,5,7,1,,,,,,,,,,,
41,2013,8,2,2,1,3,2,2,9,2,3,1,,,,,,,,,,,
42,2013,5,3,1,1,3,6,5,9,6,5,1,,,,,,,,,,,
43,2013,8,1,2,2,4,9,3,3,2,2,1,,,,,,,,,,,
44,2013,3,3,2,1,3,5,8,9,5,6,1,,,,,,,,,,,
45,2013,7,3,2,2,2,2,1,9,9,9,1,,,,,,,,,,,
46,2013,5,3,2,2,4,2,1,5,5,3,1,,,,,,,,,,,
47,2013,8,2,1,1,-9,-9,-9,-9,-9,-9,-9,,,,,,,,,,,
48,2013,6,2,1,1,1,1,4,4,4,1,1,,,,,,,,,,,
49,2013,5,2,2,2,3,5,3,5,3,2,1,,,,,,,,,,,
50,2013,8,1,1,1,3,2,5,7,4,5,3,,,,,,,,,,,
51,2013,4,1,2,2,3,2,1,7,8,2,1,,,,,,,,,,,
52,2013,7,2,2,1,4,9,9,9,6,9,4,,,,,,,,,,,
53,2013,6,2,2,-9,4,6,2,6,5,5,3,,,,,,,,,,,
54,2013,4,1,1,1,5,8,3,5,7,4,6,,,,,,,,,,,
55,2013,3,2,2,1,1,1,1,1,1,1,1,,,,,,,,,,,
56,2013,4,1,2,2,2,1,2,5,3,2,1,,,,,,,,,,,
57,2013,6,3,2,1,1,5,1,6,3,6,5,,,,,,,,,,,
58,2013,9,3,2,1,3,3,4,3,3,2,1,,,,,,,,,,,
59,2013,2,1,2,2,1,2,3,5,3,3,1,,,,,,,,,,,
60,2013,4,1,2,2,1,2,2,2,2,2,1,,,,,,,,,,,
61,2013,3,2,2,2,2,4,9,9,7,1,1,,,,,,,,,,,
62,2013,3,2,2,2,2,6,9,5,4,5,2,,,,,,,,,,,
63,2013,6,2,2,1,-9,-9,-9,-9,-9,-9,-9,,,,,,,,,,,
64,2013,6,2,1,1,3,5,3,8,4,6,3,,,,,,,,,,,
65,2013,7,3,2,2,2,3,3,9,3,9,2,,,,,,,,,,,
66,2013,5,2,1,1,4,8,5,3,2,5,1,,,,,,,,,,,
67,2013,4,2,2,1,5,4,4,3,3,4,1,,,,,,,,,,,
68,2013,3,2,2,1,1,8,3,9,5,6,2,,,,,,,,,,,
69,2013,1,2,1,2,-9,-9,-9,-9,-9,-9,-9,,,,,,,,,,,
70,2013,2,2,2,2,7,6,4,5,5,4,2,,,,,,,,,,,
71,2013,5,3,2,2,3,6,3,7,7,7,7,,,,,,,,,,,
72,2013,6,1,2,1,2,4,2,7,4,3,1,,,,,,,,,,,
73,2013,1,2,1,1,9,9,9,9,4,9,3,,,,,,,,,,,
74,2013,3,2,2,2,-9,-9,-9,-9,-9,-9,-9,,,,,,,,,,,
75,2013,7,2,2,1,3,4,5,7,3,3,2,,,,,,,,,,,
76,2013,4,3,2,2,5,4,5,-9,6,2,1,,,,,,,,,,,
77,2013,3,2,2,1,2,5,2,5,5,4,2,,,,,,,,,,,
78,2013,4,2,1,2,2,5,1,8,6,9,1,,,,,,,,,,,
79,2013,9,3,1,2,4,3,2,3,4,3,1,,,,,,,,,,,
80,2013,8,2,1,1,4,3,4,3,3,2,1,,,,,,,,,,,
81,2013,9,2,2,2,4,5,7,1,1,6,1,,,,,,,,,,,
82,2013,4,2,2,1,1,4,3,5,3,3,1,,,,,,,,,,,
83,2013,6,1,1,2,3,5,1,4,4,4,3,,,,,,,,,,,
84,2013,8,2,2,1,4,4,4,5,2,4,1,,,,,,,,,,,
85,2013,7,2,2,-9,1,1,4,9,2,3,1,,,,,,,,,,,
86,2013,9,2,1,2,1,1,1,1,1,1,1,,,,,,,,,,,
87,2013,4,2,1,2,1,1,1,9,1,1,1,,,,,,,,,,,
88,2013,6,2,2,2,2,1,2,9,7,9,2,,,,,,,,,,,
89,2013,4,2,2,1,3,1,9,6,6,3,2,,,,,,,,,,,
90,2013,7,2,1,2,2,5,9,9,3,5,2,,,,,,,,,,,
91,2013,3,2,2,1,1,5,1,2,2,3,1,,,,,,,,,,,
92,2013,9,2,2,1,4,5,5,5,3,3,2,,,,,,,,,,,
93,2013,6,1,1,1,2,4,6,3,3,3,1,,,,,,,,,,,
94,2013,8,2,1,2,6,5,3,4,1,6,1,,,,,,,,,,,
95,2013,9,2,1,2,3,9,4,9,2,9,1,,,,,,,,,,,
96,2013,4,1,2,1,3,4,3,5,5,5,1,,,,,,,,,,,
97,2013,8,2,2,2,3,3,3,2,1,2,1,,,,,,,,,,,
98,2013,7,2,2,2,4,7,7,7,5,7,1,,,,,,,,,,,
99,2013,7,3,2,1,9,3,3,5,3,3,3,,,,,,,,,,,
100,2013,9,3,1,2,3,2,2,2,2,2,2,,,,,,,,,,,
101,2013,4,2,1,2,4,6,7,9,5,4,4,,,,,,,,,,,
102,2013,6,2,1,2,3,7,2,7,4,5,1,,,,,,,,,,,
103,2013,-9,2,2,1,4,4,4,-9,2,2,2,,,,,,,,,,,
104,2013,6,2,2,2,3,4,2,3,2,2,1,,,,,,,,,,,
105,2013,7,2,2,2,7,7,5,6,6,5,1,,,,,,,,,,,
106,2013,9,1,1,1,2,6,5,3,2,1,2,,,,,,,,,,,
107,2013,7,2,2,2,3,4,2,9,2,3,2,,,,,,,,,,,
108,2013,9,3,2,1,4,3,3,2,2,2,1,,,,,,,,,,,
109,2013,9,3,2,1,3,3,1,5,2,2,1,,,,,,,,,,,
110,2013,7,1,2,1,3,9,6,9,7,9,4,,,,,,,,,,,
111,2013,8,2,2,2,4,1,2,5,2,2,3,,,,,,,,,,,
112,2013,8,2,1,1,1,2,2,2,2,1,1,,,,,,,,,,,
113,2013,8,2,1,2,3,6,2,4,2,5,1,,,,,,,,,,,
114,2013,4,3,2,2,4,1,3,3,2,4,1,,,,,,,,,,,
115,2013,8,2,2,2,3,4,2,9,4,3,1,,,,,,,,,,,
116,2013,7,1,1,2,4,3,4,9,5,5,2,,,,,,,,,,,
117,2013,8,2,2,2,3,3,3,4,2,4,2,,,,,,,,,,,
118,2013,9,2,1,2,4,7,3,7,4,6,6,,,,,,,,,,,
119,2013,7,3,1,2,2,3,3,6,3,6,1,,,,,,,,,,,
120,2013,7,2,1,2,3,3,2,5,3,3,1,,,,,,,,,,,
121,2013,5,2,2,2,5,1,1,5,2,5,1,,,,,,,,,,,
122,2013,2,2,1,2,1,7,6,5,4,6,3,,,,,,,,,,,
123,2013,6,2,1,1,1,3,2,4,3,2,2,,,,,,,,,,,
124,2013,6,2,2,2,3,3,3,4,3,2,2,,,,,,,,,,,
125,2013,9,3,2,1,4,5,5,4,2,4,5,,,,,,,,,,,
126,2013,7,2,2,1,4,7,7,1,1,1,1,,,,,,,,,,,
127,2013,8,2,2,2,5,5,4,4,4,4,3,,,,,,,,,,,
128,2013,8,2,2,2,3,3,1,3,2,3,1,,,,,,,,,,,
129,2013,6,3,2,2,3,4,3,2,2,2,1,,,,,,,,,,,
130,2013,8,3,2,1,3,5,4,3,2,1,1,,,,,,,,,,,
131,2013,8,2,2,1,4,8,7,5,3,2,4,,,,,,,,,,,
132,2013,8,2,1,2,2,4,5,5,2,2,2,,,,,,,,,,,
133,2013,5,2,1,2,-9,-9,-9,-9,-9,-9,-9,,,,,,,,,,,
134,2013,5,1,1,1,2,9,9,9,9,9,3,,,,,,,,,,,
135,2013,5,2,2,2,9,9,6,6,2,6,1,,,,,,,,,,,
136,2013,6,1,2,1,3,4,1,1,1,1,1,,,,,,,,,,,
137,2013,9,3,2,2,5,7,2,6,2,5,1,,,,,,,,,,,
138,2013,8,2,1,1,3,5,4,5,2,4,1,,,,,,,,,,,
139,2013,9,1,1,1,1,9,9,3,2,9,9,,,,,,,,,,,
140,2013,9,3,2,2,5,4,4,4,2,4,2,,,,,,,,,,,
141,2013,8,2,1,2,2,4,1,5,2,4,1,,,,,,,,,,,
142,2013,6,2,2,1,5,9,8,8,8,8,5,,,,,,,,,,,
143,2013,8,2,2,2,5,6,6,4,4,6,1,,,,,,,,,,,
144,2013,8,3,2,1,4,6,7,3,3,4,1,,,,,,,,,,,
145,2013,6,3,2,1,4,5,5,7,2,4,1,,,,,,,,,,,
146,2013,7,3,2,1,4,4,2,5,3,4,2,,,,,,,,,,,
147,2013,7,2,2,2,4,3,5,3,2,4,2,,,,,,,,,,,
148,2013,9,2,2,2,5,4,1,4,3,4,2,,,,,,,,,,,
149,2013,6,2,2,1,3,4,4,4,3,4,1,,,,,,,,,,,
150,2013,4,1,2,2,2,6,1,7,4,5,1,,,,,,,,,,,
151,2013,8,2,2,2,2,7,8,9,6,9,5,,,,,,,,,,,
152,2013,4,2,1,2,3,5,1,3,3,3,1,,,,,,,,,,,
153,2013,6,3,2,1,3,5,4,5,3,3,4,,,,,,,,,,,
154,2013,4,2,2,2,3,3,3,2,1,2,1,,,,,,,,,,,
155,2013,7,2,2,2,6,4,6,4,4,1,4,,,,,,,,,,,
156,2013,3,2,2,1,1,6,6,3,4,2,2,,,,,,,,,,,
157,2013,7,2,2,2,3,5,1,4,3,3,1,,,,,,,,,,,
158,2013,4,1,1,1,4,6,5,2,2,3,5,,,,,,,,,,,
159,2013,9,3,2,1,4,4,5,5,4,2,-9,,,,,,,,,,,
160,2013,-9,3,2,2,-9,-9,-9,-9,-9,-9,-9,,,,,,,,,,,
161,2013,7,3,1,1,-9,-9,-9,-9,-9,-9,-9,,,,,,,,,,,
162,2013,-9,2,-9,-9,-9,-9,-9,-9,-9,-9,-9,,,,,,,,,,,
163,2013,7,2,1,2,4,4,4,3,1,2,1,,,,,,,,,,,
164,2013,7,1,1,-9,-9,-9,-9,-9,-9,-9,-9,,,,,,,,,,,
165,2013,-9,2,2,1,-9,-9,-9,-9,-9,-9,-9,,,,,,,,,,,
166,2013,-9,2,-9,-9,-9,-9,-9,-9,-9,-9,-9,,,,,,,,,,,
167,2013,-9,2,-9,-9,-9,-9,-9,-9,-9,-9,-9,,,,,,,,,,,
168,2013,-9,2,1,2,-9,-9,-9,-9,-9,-9,-9,,,,,,,,,,,
169,2013,4,3,1,1,3,5,8,8,3,-9,-9,,,,,,,,,,,
170,2013,4,1,1,1,-9,-9,-9,-9,-9,-9,-9,,,,,,,,,,,
171,2013,8,2,2,2,-9,-9,-9,-9,-9,-9,-9,,,,,,,,,,,
172,2013,6,3,1,1,5,6,5,7,7,6,1,,,,,,,,,,,
173,2013,6,2,1,1,3,3,3,4,3,2,2,,,,,,,,,,,
174,2013,-9,2,-9,-9,-9,-9,-9,-9,-9,-9,-9,,,,,,,,,,,
175,2013,-9,2,1,1,-9,-9,-9,-9,-9,-9,-9,,,,,,,,,,,
176,2013,-9,2,2,2,-9,-9,-9,-9,-9,-9,-9,,,,,,,,,,,
177,2013,-9,3,-9,-9,-9,-9,-9,-9,-9,-9,-9,,,,,,,,,,,
178,2013,-9,2,1,1,-9,-9,-9,-9,-9,-9,-9,,,,,,,,,,,
179,2013,9,2,1,1,5,4,3,1,2,3,1,,,,,,,,,,,
180,2013,6,2,1,2,9,9,4,3,3,6,3,,,,,,,,,,,
181,2013,7,1,1,1,3,5,3,5,4,3,1,,,,,,,,,,,
182,2013,9,2,2,2,4,4,5,4,2,4,2,,,,,,,,,,,
183,2013,7,2,1,2,-9,-9,-9,-9,-9,-9,-9,,,,,,,,,,,
184,2013,4,3,2,1,-9,-9,-9,-9,-9,-9,-9,,,,,,,,,,,
185,2013,9,2,1,2,-9,-9,-9,-9,-9,-9,-9,,,,,,,,,,,
186,2013,9,3,2,-9,-9,-9,-9,-9,-9,-9,-9,,,,,,,,,,,
187,2013,6,2,1,2,4,5,3,3,2,4,2,,,,,,,,,,,
188,2013,6,2,2,2,3,3,3,8,5,1,3,,,,,,,,,,,
189,2013,7,2,2,1,-9,-9,-9,-9,-9,-9,-9,,,,,,,,,,,
190,2013,7,3,1,1,-9,-9,-9,-9,-9,-9,-9,,,,,,,,,,,
191,2013,6,2,2,1,-9,-9,-9,-9,-9,-9,-9,,,,,,,,,,,
192,2013,8,3,1,2,4,4,4,5,4,5,2,,,,,,,,,,,
193,2013,4,2,2,1,3,4,5,9,9,9,9,,,,,,,,,,,
194,2013,8,1,2,2,6,9,8,9,9,9,1,,,,,,,,,,,
195,2013,8,3,1,2,8,8,5,6,3,3,3,,,,,,,,,,,
196,2013,7,3,1,1,-9,-9,-9,-9,-9,-9,-9,,,,,,,,,,,
197,2013,9,2,2,2,-9,-9,9,2,1,1,6,,,,,,,,,,,
198,2013,-9,2,-9,-9,-9,-9,-9,-9,-9,-9,-9,,,,,,,,,,,
199,2013,-9,2,1,1,-9,-9,-9,-9,-9,-9,-9,,,,,,,,,,,
200,2013,3,2,1,1,1,4,5,7,5,6,1,,,,,,,,,,,
201,2013,7,2,1,1,-9,-9,-9,-9,-9,-9,-9,,,,,,,,,,,
202,2013,8,2,2,2,-9,-9,-9,-9,-9,-9,-9,,,,,,,,,,,
203,2013,6,2,2,2,-9,-9,-9,-9,-9,-9,-9,,,,,,,,,,,
204,2013,7,1,1,2,-9,-9,-9,-9,-9,-9,-9,,,,,,,,,,,
205,2013,9,3,1,2,4,3,4,2,2,4,5,,,,,,,,,,,
206,2013,-9,1,-9,-9,-9,-9,-9,-9,-9,-9,-9,,,,,,,,,,,
207,2013,4,2,1,2,2,5,9,9,6,6,3,,,,,,,,,,,
208,2013,9,2,2,2,3,3,5,7,5,7,1,,,,,,,,,,,
209,2013,7,2,2,1,1,1,6,4,3,3,1,,,,,,,,,,,
210,2013,4,3,1,1,2,2,2,4,2,4,1,,,,,,,,,,,
211,2013,7,2,1,1,-9,-9,-9,-9,-9,-9,-9,,,,,,,,,,,
212,2013,7,2,1,1,3,4,4,4,2,4,2,,,,,,,,,,,
213,2013,7,2,1,2,4,9,9,9,5,9,2,,,,,,,,,,,
214,2013,6,2,1,2,-9,-9,-9,-9,-9,-9,-9,,,,,,,,,,,
215,2013,8,2,1,1,4,3,3,2,2,2,1,,,,,,,,,,,
216,2013,5,3,2,2,2,4,1,6,2,3,1,,,,,,,,,,,
217,2013,8,2,1,1,-9,-9,-9,-9,-9,-9,-9,,,,,,,,,,,
218,2013,7,2,1,2,4,2,2,2,2,3,2,,,,,,,,,,,
219,2013,2,2,1,1,3,3,4,4,2,3,1,,,,,,,,,,,
220,2013,5,2,1,1,-9,-9,-9,-9,-9,-9,-9,,,,,,,,,,,
221,2013,7,3,1,1,9,9,9,9,9,9,9,,,,,,,,,,,
222,2013,8,3,1,2,7,9,9,3,2,6,1,,,,,,,,,,,
223,2013,2,2,2,1,4,7,7,6,5,5,1,,,,,,,,,,,
224,2013,6,2,1,1,4,7,5,3,2,3,4,,,,,,,,,,,
225,2013,6,2,2,2,3,7,4,5,4,5,2,,,,,,,,,,,
226,2013,9,2,2,1,7,9,9,9,5,7,1,,,,,,,,,,,
227,2013,5,2,1,2,4,6,3,4,2,4,2,,,,,,,,,,,
228,2013,3,3,2,1,6,7,6,9,4,7,2,,,,,,,,,,,
229,2013,9,2,1,2,8,7,2,6,2,7,7,,,,,,,,,,,
230,2013,4,2,2,-9,1,8,8,3,3,4,8,,,,,,,,,,,
231,2013,5,1,1,1,5,7,2,5,1,5,6,,,,,,,,,,,
232,2013,6,2,1,2,7,7,7,8,8,8,7,,,,,,,,,,,
233,2013,6,3,2,1,5,6,2,4,3,4,2,,,,,,,,,,,
234,2013,7,3,2,1,4,4,3,3,2,3,2,,,,,,,,,,,
235,2013,6,3,1,2,6,6,1,5,5,4,1,,,,,,,,,,,
236,2013,8,3,2,1,5,-9,5,4,2,6,4,,,,,,,,,,,
237,2013,4,3,2,1,3,8,8,3,2,3,3,,,,,,,,,,,
238,2013,5,2,2,2,6,7,9,9,6,9,2,,,,,,,,,,,
239,2013,3,2,1,1,1,3,2,3,2,3,1,,,,,,,,,,,
240,2013,3,2,1,1,1,1,1,1,1,1,1,,,,,,,,,,,
241,2013,6,1,1,1,2,4,5,4,2,1,1,,,,,,,,,,,
242,2013,8,3,1,2,5,5,2,2,1,4,1,,,,,,,,,,,
243,2013,6,2,2,1,2,7,5,6,3,4,3,,,,,,,,,,,
244,2013,4,1,2,2,5,7,6,7,4,6,3,,,,,,,,,,,
245,2013,7,3,1,2,3,4,2,7,3,6,1,,,,,,,,,,,
246,2013,4,2,1,2,3,4,1,6,2,7,4,,,,,,,,,,,
247,2013,7,2,1,1,4,7,6,2,2,5,2,,,,,,,,,,,
248,2013,3,2,2,2,3,6,1,5,1,5,5,,,,,,,,,,,
249,2013,4,2,1,2,4,7,6,7,3,7,3,,,,,,,,,,,
250,2013,4,2,1,1,3,4,4,3,2,4,1,,,,,,,,,,,
251,2013,6,2,2,1,3,7,1,7,6,4,1,,,,,,,,,,,
252,2013,6,2,2,2,5,3,1,9,9,5,2,,,,,,,,,,,
253,2013,7,2,2,-9,4,9,6,9,3,5,3,,,,,,,,,,,
254,2013,7,2,1,1,6,7,7,2,2,5,1,,,,,,,,,,,
255,2013,5,1,2,2,3,5,1,4,1,5,1,,,,,,,,,,,
256,2013,6,2,2,1,4,4,4,4,1,3,1,,,,,,,,,,,
257,2013,3,2,1,2,2,2,3,6,6,8,2,,,,,,,,,,,
258,2013,9,2,1,1,2,7,6,3,3,4,1,,,,,,,,,,,
259,2013,5,2,2,2,3,6,4,3,2,4,2,,,,,,,,,,,
260,2013,8,2,2,2,6,7,2,4,2,4,3,,,,,,,,,,,
261,2013,4,2,1,1,1,9,6,6,1,6,1,,,,,,,,,,,
262,2013,6,3,1,1,5,4,4,6,2,3,1,,,,,,,,,,,
263,2013,7,2,2,2,5,4,6,9,9,7,1,,,,,,,,,,,
264,2013,5,2,2,2,5,4,3,2,2,3,1,,,,,,,,,,,
265,2013,6,2,1,2,5,6,2,4,2,4,2,,,,,,,,,,,
266,2013,6,2,1,1,3,8,8,2,2,2,4,,,,,,,,,,,
267,2013,6,2,2,2,6,7,6,7,4,4,1,,,,,,,,,,,
268,2013,5,1,1,2,-9,-9,-9,-9,-9,-9,-9,,,,,,,,,,,
269,2013,8,3,1,2,3,5,6,6,4,6,3,,,,,,,,,,,
270,2013,3,2,1,2,2,8,8,6,5,7,2,,,,,,,,,,,
271,2013,6,3,1,1,5,5,4,6,3,3,1,,,,,,,,,,,
272,2013,8,2,1,1,5,4,1,4,3,2,1,,,,,,,,,,,
273,2013,9,2,2,1,4,8,7,5,1,5,6,,,,,,,,,,,
274,2013,6,2,2,1,3,6,7,4,2,6,1,,,,,,,,,,,
275,2013,6,2,1,1,5,6,2,5,4,6,2,,,,,,,,,,,
276,2013,7,2,1,1,5,6,6,4,3,4,5,,,,,,,,,,,
277,2013,3,3,2,2,1,4,2,4,2,3,1,,,,,,,,,,,
278,2013,2,3,1,1,3,3,1,3,3,3,1,,,,,,,,,,,
279,2013,5,2,2,2,5,5,6,6,4,4,1,,,,,,,,,,,
280,2013,6,2,1,1,3,4,4,2,2,2,1,,,,,,,,,,,
281,2013,8,2,2,2,4,6,3,6,3,5,1,,,,,,,,,,,
282,2013,6,2,1,1,4,4,4,5,5,5,2,,,,,,,,,,,
283,2013,9,3,2,1,4,4,5,5,2,3,4,,,,,,,,,,,
284,2013,8,1,1,2,4,6,6,9,2,1,1,,,,,,,,,,,
285,2013,7,2,1,-9,4,2,1,7,4,4,2,,,,,,,,,,,
286,2013,9,3,2,1,5,6,3,6,3,4,2,,,,,,,,,,,
287,2013,5,2,-9,-9,4,5,1,9,4,4,2,,,,,,,,,,,
288,2013,9,2,1,2,3,4,4,4,2,4,1,,,,,,,,,,,
289,2013,5,2,2,1,3,4,4,4,3,2,2,,,,,,,,,,,
290,2013,8,2,2,2,7,9,2,9,3,3,1,,,,,,,,,,,
291,2013,9,2,1,2,6,6,1,4,5,5,4,,,,,,,,,,,
292,2013,8,2,2,2,3,6,6,9,7,9,3,,,,,,,,,,,
293,2013,8,3,1,2,9,9,6,7,7,7,7,,,,,,,,,,,
294,2013,-9,3,2,1,-9,-9,-9,-9,-9,-9,-9,,,,,,,,,,,
295,2013,8,2,1,1,7,5,6,3,3,6,2,,,,,,,,,,,
296,2013,7,2,2,1,4,5,2,2,2,2,1,,,,,,,,,,,
297,2013,8,2,2,1,7,7,7,3,1,2,1,,,,,,,,,,,
298,2013,9,3,2,1,5,4,1,1,1,2,2,,,,,,,,,,,
299,2013,8,2,2,2,4,4,4,3,2,2,3,,,,,,,,,,,
300,2013,7,2,1,-9,3,4,1,9,2,9,1,,,,,,,,,,,
301,2013,5,2,1,1,3,6,5,6,3,4,1,,,,,,,,,,,
302,2013,2,2,1,1,1,6,3,6,1,3,3,,,,,,,,,,,
303,2013,7,2,1,1,1,9,9,9,2,1,1,,,,,,,,,,,
304,2013,7,2,1,1,6,6,6,5,-9,-9,-9,,,,,,,,,,,
305,2013,3,2,2,1,3,9,9,2,3,4,1,,,,,,,,,,,
306,2013,8,2,1,1,3,4,1,5,2,1,1,,,,,,,,,,,
307,2013,5,2,2,2,4,5,3,5,4,4,3,,,,,,,,,,,
308,2013,9,3,1,2,2,3,1,1,1,1,1,,,,,,,,,,,
309,2013,7,1,1,2,4,5,4,2,2,1,1,,,,,,,,,,,
310,2013,4,1,1,2,5,5,9,9,9,6,1,,,,,,,,,,,
311,2013,5,1,2,2,3,3,5,5,5,4,1,,,,,,,,,,,
312,2013,7,2,1,1,4,3,2,2,2,2,1,,,,,,,,,,,
313,2013,6,2,2,1,3,4,4,4,4,3,1,,,,,,,,,,,
314,2013,5,3,1,1,-9,-9,-9,-9,-9,-9,-9,,,,,,,,,,,
315,2013,9,2,2,2,4,4,4,9,2,6,2,,,,,,,,,,,
316,2013,5,3,2,1,3,4,3,4,2,2,2,,,,,,,,,,,
317,2013,7,2,2,2,-9,4,5,5,3,4,1,,,,,,,,,,,
318,2013,8,2,2,2,5,5,4,4,3,5,2,,,,,,,,,,,
319,2013,8,2,1,1,6,3,3,4,2,3,1,,,,,,,,,,,
320,2013,9,2,2,2,6,5,2,2,2,4,2,,,,,,,,,,,
321,2013,8,3,2,2,5,3,1,3,1,3,1,,,,,,,,,,,
322,2013,7,2,1,1,6,4,3,4,3,4,2,,,,,,,,,,,
323,2013,8,2,2,1,3,7,3,3,2,4,2,,,,,,,,,,,
324,2013,9,2,2,2,5,4,1,3,3,4,3,,,,,,,,,,,
325,2013,9,2,2,2,5,5,5,6,3,5,1,,,,,,,,,,,
326,2013,8,2,2,2,6,6,1,7,4,6,2,,,,,,,,,,,
327,2013,7,2,2,1,5,9,3,3,2,6,4,,,,,,,,,,,
328,2013,9,2,1,2,4,2,1,2,2,2,1,,,,,,,,,,,
329,2013,9,2,2,2,5,4,2,4,2,4,2,,,,,,,,,,,
330,2013,6,1,1,2,6,5,2,2,2,2,2,,,,,,,,,,,
331,2013,9,2,2,1,6,5,4,2,1,3,1,,,,,,,,,,,
332,2013,9,1,1,2,4,4,2,3,2,4,2,,,,,,,,,,,
333,2013,-9,1,1,1,4,4,4,4,4,4,4,,,,,,,,,,,
334,2013,6,2,2,2,3,6,2,2,2,4,3,,,,,,,,,,,
335,2013,5,2,2,1,5,4,5,3,1,3,1,,,,,,,,,,,
336,2013,8,2,2,1,5,6,2,7,7,4,2,,,,,,,,,,,
337,2013,8,3,1,2,6,6,5,2,2,5,1,,,,,,,,,,,
338,2013,8,2,1,2,4,5,1,5,3,5,3,,,,,,,,,,,
339,2013,8,2,2,2,7,9,7,9,6,6,1,,,,,,,,,,,
340,2013,7,2,1,2,5,5,4,4,2,3,1,,,,,,,,,,,
341,2013,9,2,1,2,6,6,3,3,2,4,4,,,,,,,,,,,
342,2013,9,2,1,2,7,7,4,3,2,5,1,,,,,,,,,,,
343,2013,5,3,1,2,6,7,3,5,3,5,3,,,,,,,,,,,
344,2013,8,3,2,2,5,4,2,9,6,4,1,,,,,,,,,,,
345,2013,9,1,2,2,5,5,4,4,3,4,1,,,,,,,,,,,
346,2013,9,2,2,2,7,6,2,3,2,5,1,,,,,,,,,,,
347,2013,7,2,1,1,7,7,7,2,2,2,7,,,,,,,,,,,
348,2013,8,2,2,2,6,4,3,4,3,4,1,,,,,,,,,,,
349,2013,9,2,2,1,6,7,7,2,1,2,1,,,,,,,,,,,
350,2013,7,3,1,2,4,4,4,6,3,3,4,,,,,,,,,,,
351,2013,8,3,1,2,4,3,6,9,2,2,4,,,,,,,,,,,
352,2013,9,2,2,2,6,5,1,3,2,4,1,,,,,,,,,,,
353,2013,8,2,1,2,5,8,2,8,3,7,1,,,,,,,,,,,
354,2013,9,3,1,2,6,4,6,5,3,6,1,,,,,,,,,,,
355,2013,7,1,1,2,9,9,9,7,7,7,7,,,,,,,,,,,
356,2013,8,1,1,2,6,1,3,1,1,2,1,,,,,,,,,,,
357,2013,9,1,1,2,2,5,5,8,8,8,2,,,,,,,,,,,
358,2013,9,2,2,2,5,8,4,7,2,5,3,,,,,,,,,,,
359,2013,8,2,1,2,5,6,4,4,3,3,2,,,,,,,,,,,
360,2013,6,2,1,2,3,4,3,4,1,2,1,,,,,,,,,,,
361,2013,5,1,2,2,3,1,3,9,6,7,9,,,,,,,,,,,
362,2013,6,1,1,2,9,4,9,9,4,7,2,,,,,,,,,,,
363,2013,8,2,1,2,5,7,7,2,3,3,2,,,,,,,,,,,
364,2013,5,2,2,2,5,4,3,7,4,1,4,,,,,,,,,,,
365,2013,8,2,2,2,5,5,1,4,2,1,1,,,,,,,,,,,
366,2013,8,1,1,2,7,7,7,6,2,5,1,,,,,,,,,,,
367,2013,7,2,1,2,7,7,5,5,3,5,2,,,,,,,,,,,
368,2013,6,2,1,2,7,9,9,6,3,8,1,,,,,,,,,,,
369,2013,4,1,2,2,5,4,1,3,2,4,2,,,,,,,,,,,
370,2013,4,2,1,2,4,6,4,6,2,4,1,,,,,,,,,,,
371,2013,5,3,1,2,7,7,7,7,7,7,7,,,,,,,,,,,
372,2013,6,2,1,2,4,6,6,3,3,4,2,,,,,,,,,,,
373,2013,4,3,2,2,7,7,3,5,5,3,3,,,,,,,,,,,
374,2013,9,2,2,2,4,4,4,3,1,3,3,,,,,,,,,,,
375,2013,7,2,2,1,4,2,4,6,3,1,1,,,,,,,,,,,
376,2013,9,2,1,2,5,4,2,2,3,2,1,,,,,,,,,,,
377,2013,9,2,-9,-9,5,4,4,5,2,5,2,,,,,,,,,,,
378,2013,9,1,2,1,6,6,6,2,2,1,1,,,,,,,,,,,
379,2013,9,3,2,2,2,9,9,9,2,9,9,,,,,,,,,,,
380,2013,7,3,1,2,4,5,7,7,7,7,2,,,,,,,,,,,
381,2013,8,2,1,2,2,6,2,5,2,3,1,,,,,,,,,,,
382,2013,5,3,1,1,-9,-9,-9,-9,-9,-9,-9,,,,,,,,,,,
383,2013,9,3,2,1,4,3,5,5,2,3,1,,,,,,,,,,,
384,2013,9,2,1,2,4,4,3,3,2,3,3,,,,,,,,,,,
385,2013,7,1,2,1,2,2,5,4,1,1,1,,,,,,,,,,,
386,2013,3,2,2,1,4,7,7,3,2,7,1,,,,,,,,,,,
387,2013,9,1,2,1,7,6,6,3,2,5,1,,,,,,,,,,,
388,2013,5,2,1,1,3,2,3,6,5,1,1,,,,,,,,,,,
389,2013,4,3,2,1,6,9,3,7,4,5,5,,,,,,,,,,,
390,2013,6,2,1,2,3,4,2,4,3,4,2,,,,,,,,,,,
391,2013,5,2,1,2,2,5,4,8,3,5,1,,,,,,,,,,,
392,2013,6,2,1,1,5,6,6,5,5,6,2,,,,,,,,,,,
393,2013,9,3,1,1,4,6,3,7,2,6,2,,,,,,,,,,,
394,2013,9,3,2,1,3,6,5,5,2,5,3,,,,,,,,,,,
395,2013,8,2,2,2,5,5,4,6,4,3,2,,,,,,,,,,,
396,2013,6,2,2,2,4,9,7,7,3,4,3,,,,,,,,,,,
397,2013,4,3,-9,1,-9,-9,-9,-9,-9,-9,-9,,,,,,,,,,,
398,2013,8,2,2,1,3,3,4,9,3,3,2,,,,,,,,,,,
399,2013,6,2,2,2,3,7,9,9,7,4,2,,,,,,,,,,,
400,2013,7,3,1,2,3,6,5,5,4,4,1,,,,,,,,,,,
401,2013,5,2,1,2,4,1,2,5,4,1,1,,,,,,,,,,,
402,2013,6,1,2,1,4,4,2,4,4,3,1,,,,,,,,,,,
403,2013,7,3,2,1,4,9,9,8,5,2,3,,,,,,,,,,,
404,2013,-9,2,1,1,-9,-9,-9,-9,-9,-9,-9,,,,,,,,,,,
405,2013,7,1,2,2,-9,-9,-9,-9,-9,-9,-9,,,,,,,,,,,
406,2013,-9,2,2,1,-9,-9,-9,-9,-9,-9,-9,,,,,,,,,,,
407,2013,8,2,2,1,-9,-9,5,3,2,3,-9,,,,,,,,,,,
408,2013,-9,2,1,2,-9,-9,-9,-9,-9,-9,-9,,,,,,,,,,,
409,2013,8,2,2,2,-9,-9,-9,-9,-9,-9,-9,,,,,,,,,,,
410,2013,4,2,2,1,3,5,5,1,2,1,1,,,,,,,,,,,
411,2013,4,2,2,2,-9,-9,-9,-9,-9,-9,-9,,,,,,,,,,,
412,2013,5,1,1,1,5,7,4,1,3,3,3,,,,,,,,,,,
413,2013,6,3,-9,-9,3,9,9,9,1,9,1,,,,,,,,,,,
414,2013,7,2,1,2,3,3,4,4,3,3,1,,,,,,,,,,,
415,2013,4,2,1,2,3,2,4,3,2,4,1,,,,,,,,,,,
416,2013,9,2,1,2,6,4,4,7,4,8,1,,,,,,,,,,,
417,2013,5,2,1,1,4,5,6,6,2,6,1,,,,,,,,,,,
418,2013,6,2,1,2,5,3,1,6,1,3,1,,,,,,,,,,,
419,2013,4,2,1,2,2,4,1,1,1,2,1,,,,,,,,,,,
420,2013,6,2,2,1,6,4,2,6,3,8,3,,,,,,,,,,,
421,2013,5,1,2,1,-9,-9,-9,-9,-9,-9,-9,,,,,,,,,,,
422,2013,-9,3,1,1,-9,-9,-9,-9,-9,-9,-9,,,,,,,,,,,
423,2013,-9,2,1,2,-9,-9,-9,-9,-9,-9,-9,,,,,,,,,,,
424,2013,6,2,1,-9,-9,-9,-9,-9,-9,-9,-9,,,,,,,,,,,
425,2013,-9,3,-9,-9,-9,-9,-9,-9,-9,-9,-9,,,,,,,,,,,
426,2013,-9,2,-9,-9,-9,-9,-9,-9,-9,-9,-9,,,,,,,,,,,
427,2013,-9,-9,-9,-9,-9,-9,-9,-9,-9,-9,-9,,,,,,,,,,,
428,2013,5,1,1,2,2,1,1,9,3,3,1,,,,,,,,,,,
429,2013,-9,2,-9,1,-9,-9,-9,-9,-9,-9,-9,,,,,,,,,,,
430,2013,7,2,2,1,3,9,9,3,2,4,9,,,,,,,,,,,
431,2013,1,1,2,1,6,6,4,-9,-9,-9,-9,,,,,,,,,,,
432,2013,9,2,2,2,3,3,3,1,3,1,1,,,,,,,,,,,
433,2013,7,2,1,1,3,1,3,3,1,3,1,,,,,,,,,,,
434,2013,7,2,-9,-9,-9,-9,-9,-9,-9,-9,-9,,,,,,,,,,,
435,2013,-9,2,-9,-9,-9,-9,-9,-9,-9,-9,-9,,,,,,,,,,,
436,2013,4,1,1,1,7,6,4,8,6,9,2,,,,,,,,,,,
437,2013,7,3,2,1,4,1,6,1,1,1,1,,,,,,,,,,,
438,2013,7,2,2,2,6,3,3,2,5,2,4,,,,,,,,,,,
439,2013,-9,2,-9,-9,-9,-9,-9,-9,-9,-9,-9,,,,,,,,,,,
440,2013,-9,2,1,2,-9,-9,-9,-9,-9,-9,-9,,,,,,,,,,,
441,2013,6,2,1,2,-9,-9,-9,-9,-9,-9,-9,,,,,,,,,,,
442,2013,-9,2,1,2,-9,-9,-9,-9,-9,-9,-9,,,,,,,,,,,
443,2013,5,1,2,2,-9,-9,-9,-9,-9,-9,-9,,,,,,,,,,,
444,2013,7,2,1,1,3,6,5,2,2,2,1,,,,,,,,,,,
445,2013,6,2,1,1,-9,-9,-9,-9,-9,-9,-9,,,,,,,,,,,
446,2013,4,2,2,1,-9,-9,-9,-9,-9,-9,-9,,,,,,,,,,,
447,2013,6,1,2,2,6,8,4,1,1,2,1,,,,,,,,,,,
448,2013,-9,2,2,2,-9,-9,-9,-9,-9,-9,-9,,,,,,,,,,,
449,2013,6,2,1,1,-9,-9,-9,-9,-9,-9,-9,,,,,,,,,,,
450,2013,2,2,2,1,2,6,6,4,4,5,2,,,,,,,,,,,
451,2013,8,2,2,2,3,3,3,3,1,1,1,,,,,,,,,,,
452,2013,2,1,2,1,3,4,1,4,5,6,1,,,,,,,,,,,
453,2013,6,1,1,1,3,6,6,5,3,6,1,,,,,,,,,,,
454,2013,1,1,1,2,4,4,3,6,4,6,6,,,,,,,,,,,
455,2013,4,2,2,1,3,4,4,9,3,5,3,,,,,,,,,,,
456,2013,4,2,1,1,7,7,7,6,6,6,2,,,,,,,,,,,
457,2013,4,2,2,1,2,5,5,4,4,4,1,,,,,,,,,,,
458,2013,5,2,2,2,3,6,5,6,4,6,2,,,,,,,,,,,
459,2013,9,2,1,2,3,4,2,8,6,3,5,,,,,,,,,,,
460,2013,4,2,2,1,3,3,3,5,2,6,1,,,,,,,,,,,
461,2013,4,2,2,2,4,5,4,8,2,6,1,,,,,,,,,,,
462,2013,5,2,2,1,1,4,3,4,2,3,1,,,,,,,,,,,
463,2013,7,2,1,1,3,7,4,4,2,6,1,,,,,,,,,,,
464,2013,4,2,1,2,3,7,1,7,1,7,1,,,,,,,,,,,
465,2013,6,2,2,1,5,5,7,4,3,5,2,,,,,,,,,,,
466,2013,6,2,1,2,2,9,9,9,2,9,2,,,,,,,,,,,
467,2013,4,2,1,1,8,1,5,9,9,9,6,,,,,,,,,,,
468,2013,7,3,2,1,-9,-9,-9,-9,-9,-9,-9,,,,,,,,,,,
469,2013,5,1,1,2,-9,-9,-9,-9,-9,-9,-9,,,,,,,,,,,
470,2013,7,2,1,2,2,3,5,8,5,4,2,,,,,,,,,,,
471,2013,7,3,1,2,8,9,1,9,9,9,9,,,,,,,,,,,
472,2013,7,2,1,2,2,3,4,6,1,4,1,,,,,,,,,,,
473,2013,7,2,1,2,2,6,2,7,2,5,1,,,,,,,,,,,
474,2013,9,3,2,2,4,6,2,6,2,6,1,,,,,,,,,,,
475,2013,8,2,1,2,4,4,5,4,3,4,2,,,,,,,,,,,
476,2013,7,2,1,1,4,9,9,3,2,9,1,,,,,,,,,,,
477,2013,6,2,1,2,5,6,2,9,4,6,3,,,,,,,,,,,
478,2013,6,2,1,2,4,7,5,3,3,6,3,,,,,,,,,,,
479,2013,6,2,2,1,5,3,4,4,2,4,2,,,,,,,,,,,
480,2013,6,2,2,1,8,9,3,9,8,9,9,,,,,,,,,,,
481,2013,4,1,2,2,4,5,5,3,2,2,1,,,,,,,,,,,
482,2013,7,2,1,2,6,7,4,6,2,5,5,,,,,,,,,,,
483,2013,8,3,1,2,5,6,6,6,5,5,2,,,,,,,,,,,
484,2013,5,2,2,1,-9,-9,-9,-9,-9,-9,-9,,,,,,,,,,,
485,2013,7,3,1,2,-9,-9,-9,-9,-9,-9,-9,,,,,,,,,,,
486,2013,7,3,1,2,3,3,4,5,4,5,2,,,,,,,,,,,
487,2013,6,2,1,1,3,4,5,6,3,5,1,,,,,,,,,,,
488,2013,9,2,1,2,3,4,2,3,2,5,2,,,,,,,,,,,
489,2013,5,2,2,2,5,5,7,7,4,5,1,,,,,,,,,,,
490,2013,5,2,1,1,1,6,6,6,2,6,2,,,,,,,,,,,
491,2013,8,2,2,2,5,6,4,5,3,5,2,,,,,,,,,,,
492,2013,9,2,1,1,3,4,2,5,2,2,1,,,,,,,,,,,
493,2013,-9,1,2,2,-9,-9,-9,-9,-9,-9,-9,,,,,,,,,,,
494,2013,-9,2,-9,-9,-9,-9,-9,-9,-9,-9,-9,,,,,,,,,,,
495,2013,7,2,2,1,-9,-9,-9,-9,-9,-9,-9,,,,,,,,,,,
496,2013,8,1,1,2,5,5,6,5,5,5,4,,,,,,,,,,,
497,2013,9,3,1,2,5,6,2,9,3,5,1,,,,,,,,,,,
498,2013,9,2,1,1,3,4,5,5,2,4,2,,,,,,,,,,,
499,2013,7,2,2,2,4,2,2,3,3,2,1,,,,,,,,,,,
500,2013,9,2,1,2,4,5,2,3,2,3,2,,,,,,,,,,,
501,2013,3,2,2,1,3,1,1,5,4,3,1,,,,,,,,,,,
502,2013,5,2,1,1,5,2,1,4,1,5,1,,,,,,,,,,,
503,2013,7,1,2,1,5,3,3,5,2,5,2,,,,,,,,,,,
504,2013,6,1,1,1,3,4,6,9,3,3,1,,,,,,,,,,,
505,2013,6,2,2,1,4,5,3,7,2,7,2,,,,,,,,,,,
506,2013,6,2,2,2,6,5,5,9,2,5,2,,,,,,,,,,,
507,2013,4,3,2,2,3,6,2,5,4,4,6,,,,,,,,,,,
508,2013,5,2,1,1,4,5,5,9,4,4,1,,,,,,,,,,,
509,2013,6,2,2,2,2,5,1,5,3,4,3,,,,,,,,,,,
510,2013,9,3,2,-9,1,1,1,1,1,1,1,,,,,,,,,,,
511,2013,6,2,1,1,4,5,5,5,2,5,1,,,,,,,,,,,
512,2013,5,-9,2,2,5,-9,-9,-9,-9,-9,-9,,,,,,,,,,,
513,2013,6,1,2,1,3,6,1,5,2,4,1,,,,,,,,,,,
514,2013,6,3,1,1,4,4,2,4,4,4,1,,,,,,,,,,,
515,2013,7,2,2,-9,4,6,3,5,1,5,5,,,,,,,,,,,
516,2013,6,2,1,2,4,4,5,6,5,6,3,,,,,,,,,,,
517,2013,9,1,2,2,9,9,9,4,2,9,3,,,,,,,,,,,
518,2013,7,2,1,2,5,7,5,1,1,5,1,,,,,,,,,,,
519,2013,6,2,2,2,2,5,2,4,2,6,2,,,,,,,,,,,
520,2013,7,1,1,1,-9,-9,-9,-9,-9,-9,-9,,,,,,,,,,,
521,2013,8,2,1,2,4,8,5,9,4,6,1,,,,,,,,,,,
522,2013,6,3,2,2,1,4,3,6,3,6,1,,,,,,,,,,,
523,2013,7,2,2,2,6,9,1,9,9,9,5,,,,,,,,,,,
524,2013,6,1,2,1,2,7,3,9,3,5,1,,,,,,,,,,,
525,2013,5,2,2,1,6,7,6,2,2,4,1,,,,,,,,,,,
526,2013,-9,2,-9,-9,-9,-9,-9,-9,-9,-9,-9,,,,,,,,,,,
527,2013,8,3,1,2,2,4,1,9,3,1,1,,,,,,,,,,,
528,2013,9,1,2,1,1,9,9,1,1,6,7,,,,,,,,,,,
529,2013,7,3,2,1,2,1,1,9,3,1,1,,,,,,,,,,,
530,2013,2,1,1,1,5,9,9,9,3,9,1,,,,,,,,,,,
531,2013,5,2,2,2,2,3,5,5,1,1,1,,,,,,,,,,,
532,2013,9,3,1,2,1,1,-9,-9,-9,-9,-9,,,,,,,,,,,
533,2013,5,2,2,1,5,6,6,6,6,6,6,,,,,,,,,,,
534,2013,7,2,1,1,3,4,3,3,3,3,1,,,,,,,,,,,
535,2013,8,2,2,1,4,2,6,5,3,4,1,,,,,,,,,,,
536,2013,8,2,2,2,4,2,2,4,2,3,1,,,,,,,,,,,
537,2013,8,2,2,2,3,7,3,4,3,4,3,,,,,,,,,,,
538,2013,2,2,1,2,3,4,4,9,4,6,1,,,,,,,,,,,
539,2013,8,2,1,1,3,4,4,4,2,3,3,,,,,,,,,,,
540,2013,9,2,1,2,2,4,4,3,5,3,1,,,,,,,,,,,
541,2013,5,2,2,2,-9,-9,-9,-9,-9,-9,-9,,,,,,,,,,,
542,2013,7,2,1,2,1,9,-9,-9,-9,-9,-9,,,,,,,,,,,
543,2013,7,2,1,2,4,4,5,4,2,5,2,,,,,,,,,,,
544,2013,6,3,1,2,2,3,4,6,4,6,1,,,,,,,,,,,
545,2013,4,1,2,2,5,7,5,6,5,6,1,,,,,,,,,,,
546,2013,1,2,2,1,1,6,1,6,3,5,1,,,,,,,,,,,
547,2013,6,2,1,2,4,1,6,9,8,9,1,,,,,,,,,,,
548,2013,7,1,1,-9,5,6,1,3,2,4,1,,,,,,,,,,,
549,2013,6,2,1,2,3,4,2,4,2,4,1,,,,,,,,,,,
550,2013,8,2,2,2,4,6,1,3,2,6,1,,,,,,,,,,,
551,2013,7,2,1,2,3,4,9,5,5,1,1,,,,,,,,,,,
552,2013,5,1,1,2,4,7,4,1,1,5,1,,,,,,,,,,,
553,2013,5,2,1,2,4,9,9,9,9,9,3,,,,,,,,,,,
554,2013,6,2,2,1,3,4,3,7,5,2,2,,,,,,,,,,,
555,2013,2,2,2,1,1,1,1,9,9,2,2,,,,,,,,,,,
556,2013,7,2,1,2,2,3,1,4,3,4,1,,,,,,,,,,,
557,2013,9,2,2,1,3,5,5,8,3,5,2,,,,,,,,,,,
558,2013,4,2,2,1,2,5,3,6,3,5,1,,,,,,,,,,,
559,2013,6,2,1,1,1,4,4,6,6,6,6,,,,,,,,,,,
560,2013,6,3,2,1,3,4,3,6,2,3,1,,,,,,,,,,,
561,2013,8,2,2,1,3,5,3,3,3,2,1,,,,,,,,,,,
562,2013,9,3,1,2,4,4,2,4,3,4,1,,,,,,,,,,,
563,2013,7,3,1,1,5,9,9,8,3,4,2,,,,,,,,,,,
564,2013,4,2,2,2,2,9,9,2,2,2,2,,,,,,,,,,,
565,2013,8,3,2,2,3,5,1,3,4,4,3,,,,,,,,,,,
566,2013,7,2,2,1,3,4,3,7,3,2,1,,,,,,,,,,,
567,2013,9,2,1,2,4,4,5,2,2,2,1,,,,,,,,,,,
568,2013,7,2,2,1,3,7,7,9,2,6,3,,,,,,,,,,,
569,2013,5,2,1,1,3,2,3,3,3,3,1,,,,,,,,,,,
570,2013,7,2,2,1,5,8,3,4,3,5,3,,,,,,,,,,,
571,2013,7,2,2,1,6,5,5,5,3,5,2,,,,,,,,,,,
572,2013,8,3,2,1,4,3,1,7,2,7,1,,,,,,,,,,,
573,2013,7,2,2,1,5,5,6,9,3,4,1,,,,,,,,,,,
574,2013,5,2,2,2,4,4,9,9,9,9,1,,,,,,,,,,,
575,2013,7,2,1,1,5,5,4,9,6,4,1,,,,,,,,,,,
576,2013,7,2,2,2,3,5,6,9,6,6,1,,,,,,,,,,,
577,2013,6,3,1,1,4,6,2,3,2,3,3,,,,,,,,,,,
578,2013,4,2,2,2,4,3,1,4,3,2,1,,,,,,,,,,,
579,2013,7,2,2,1,3,7,6,3,1,2,1,,,,,,,,,,,
580,2013,6,2,2,2,6,1,1,2,3,2,1,,,,,,,,,,,
581,2013,5,2,2,2,7,9,9,9,9,9,9,,,,,,,,,,,
582,2013,5,1,2,1,5,9,9,9,9,9,3,,,,,,,,,,,
583,2013,2,2,2,1,3,6,7,7,5,6,1,,,,,,,,,,,
584,2013,8,2,2,1,4,4,4,3,4,4,-9,,,,,,,,,,,
585,2013,7,2,2,2,4,4,1,9,6,2,3,,,,,,,,,,,
586,2013,7,2,2,2,3,9,2,9,3,9,3,,,,,,,,,,,
587,2013,5,2,1,1,5,8,5,5,5,5,1,,,,,,,,,,,
588,2013,7,2,2,2,4,5,4,5,4,4,1,,,,,,,,,,,
589,2013,7,2,1,2,6,-9,-9,4,4,4,1,,,,,,,,,,,
590,2013,5,2,1,1,3,9,6,6,4,6,1,,,,,,,,,,,
591,2013,9,2,1,2,9,5,4,2,2,3,2,,,,,,,,,,,
592,2013,7,1,2,2,9,2,1,3,2,2,1,,,,,,,,,,,
593,2013,2,2,2,2,9,9,9,9,9,9,2,,,,,,,,,,,
594,2013,5,2,2,1,4,5,1,8,2,4,1,,,,,,,,,,,
595,2013,2,3,2,1,1,1,6,6,6,6,1,,,,,,,,,,,
596,2013,7,2,2,1,-9,-9,4,8,5,4,2,,,,,,,,,,,
597,2013,8,2,2,1,3,3,2,2,1,2,1,,,,,,,,,,,
598,2013,5,2,2,1,9,9,9,7,3,9,3,,,,,,,,,,,
599,2013,9,2,1,2,4,6,5,5,4,6,3,,,,,,,,,,,
600,2013,9,2,2,1,4,4,2,7,5,6,1,,,,,,,,,,,
601,2013,5,2,1,2,4,3,3,5,2,3,1,,,,,,,,,,,
602,2013,6,3,2,1,5,4,3,5,3,4,2,,,,,,,,,,,
603,2013,9,2,1,2,6,5,1,2,2,4,1,,,,,,,,,,,
604,2013,9,2,1,2,3,5,1,9,6,6,4,,,,,,,,,,,
605,2013,8,3,2,2,2,3,3,2,2,2,1,,,,,,,,,,,
606,2013,9,3,1,1,4,4,4,5,3,4,3,,,,,,,,,,,
607,2013,4,2,1,1,6,6,4,3,3,5,2,,,,,,,,,,,
608,2013,8,3,2,2,1,8,3,9,3,6,1,,,,,,,,,,,
609,2013,9,1,1,1,2,5,1,2,2,2,2,,,,,,,,,,,
610,2013,9,2,1,1,7,7,2,3,3,4,1,,,,,,,,,,,
611,2013,7,2,2,1,5,5,1,9,2,4,2,,,,,,,,,,,
612,2013,6,2,2,2,5,4,8,3,3,2,1,,,,,,,,,,,
613,2013,9,3,1,2,5,8,6,3,1,4,1,,,,,,,,,,,
614,2013,6,1,2,2,2,4,8,8,4,5,4,,,,,,,,,,,
615,2013,7,2,1,2,3,7,7,6,6,4,4,,,,,,,,,,,
616,2013,6,3,1,1,6,7,1,6,2,8,1,,,,,,,,,,,
617,2013,8,3,2,1,4,9,8,4,4,7,1,,,,,,,,,,,
618,2013,7,2,2,1,3,2,3,1,2,3,1,,,,,,,,,,,
619,2013,5,2,1,1,4,8,7,5,2,4,2,,,,,,,,,,,
620,2013,6,3,2,1,1,2,1,1,1,1,1,,,,,,,,,,,
621,2013,7,2,1,1,3,2,2,2,2,2,2,,,,,,,,,,,
622,2013,6,2,2,1,-9,-9,-9,-9,-9,-9,-9,,,,,,,,,,,
623,2013,6,2,1,1,2,9,9,9,3,3,6,,,,,,,,,,,
624,2013,9,2,1,2,3,7,8,9,7,8,3,,,,,,,,,,,
625,2013,7,2,1,1,6,7,6,1,1,3,3,,,,,,,,,,,
626,2013,6,2,1,2,3,9,3,9,6,9,4,,,,,,,,,,,
627,2013,8,2,2,2,3,2,2,7,6,2,2,,,,,,,,,,,
628,2013,8,3,1,1,3,3,3,3,3,4,1,,,,,,,,,,,
629,2013,7,1,1,1,6,3,1,6,4,2,3,,,,,,,,,,,
630,2013,4,2,2,1,6,5,6,9,7,8,1,,,,,,,,,,,
631,2013,9,2,2,2,5,6,1,3,3,2,1,,,,,,,,,,,
632,2013,9,2,2,1,2,2,3,4,2,2,1,,,,,,,,,,,
633,2013,7,2,1,1,1,9,6,9,6,9,4,,,,,,,,,,,
634,2013,4,2,2,2,2,4,4,3,3,3,2,,,,,,,,,,,
635,2013,8,1,1,2,4,3,2,9,2,2,1,,,,,,,,,,,
636,2013,7,2,2,1,1,9,4,9,5,8,1,,,,,,,,,,,
637,2013,9,3,1,1,2,5,6,9,8,7,5,,,,,,,,,,,
638,2013,5,2,2,2,5,9,9,9,4,8,3,,,,,,,,,,,
639,2013,2,1,2,2,3,5,7,7,4,4,3,,,,,,,,,,,
640,2013,6,2,2,1,-9,-9,-9,-9,-9,-9,-9,,,,,,,,,,,
641,2013,2,2,2,1,1,5,2,4,5,5,1,,,,,,,,,,,
642,2013,9,3,2,1,5,9,8,8,3,5,2,,,,,,,,,,,
643,2013,-9,2,1,1,-9,-9,-9,-9,-9,-9,-9,,,,,,,,,,,
644,2013,6,2,1,1,4,6,6,9,4,4,5,,,,,,,,,,,
645,2013,2,2,1,2,9,9,1,4,8,8,8,,,,,,,,,,,
646,2013,6,2,2,1,4,5,4,4,3,4,3,,,,,,,,,,,
647,2013,5,3,1,2,4,7,7,6,3,4,2,,,,,,,,,,,
648,2013,8,2,1,1,3,7,6,2,3,3,1,,,,,,,,,,,
649,2013,7,2,2,2,2,3,5,5,5,5,3,,,,,,,,,,,
650,2013,5,2,1,1,1,-9,4,4,4,4,4,,,,,,,,,,,
651,2013,4,2,2,1,1,1,2,3,2,2,1,,,,,,,,,,,
652,2013,8,2,2,2,2,3,2,3,4,2,1,,,,,,,,,,,
653,2013,6,3,2,1,4,-9,6,7,5,4,1,,,,,,,,,,,
654,2013,6,3,2,2,5,5,7,9,5,5,4,,,,,,,,,,,
655,2013,5,2,2,1,6,5,9,9,9,9,9,,,,,,,,,,,
656,2013,9,1,2,2,1,1,2,8,4,7,1,,,,,,,,,,,
657,2013,4,3,2,-9,8,8,1,1,1,1,1,,,,,,,,,,,
658,2013,-9,3,2,1,3,4,4,1,1,2,1,,,,,,,,,,,
659,2013,9,3,2,2,2,2,3,3,2,1,1,,,,,,,,,,,
660,2013,6,2,1,1,1,1,1,4,3,3,1,,,,,,,,,,,
661,2013,9,3,2,1,-9,-9,1,1,1,1,-9,,,,,,,,,,,
662,2013,7,3,2,2,3,9,9,9,6,5,5,,,,,,,,,,,
663,2013,6,2,1,2,3,5,9,9,6,8,4,,,,,,,,,,,
664,2013,8,2,1,2,5,6,2,9,4,5,1,,,,,,,,,,,
665,2013,6,1,2,1,3,4,3,9,4,3,1,,,,,,,,,,,
666,2013,7,2,1,2,1,1,1,1,1,1,1,,,,,,,,,,,
667,2013,6,1,-9,-9,5,1,1,3,5,6,8,,,,,,,,,,,
668,2013,7,1,2,1,5,5,5,3,3,3,3,,,,,,,,,,,
669,2013,5,2,2,1,4,2,4,3,2,2,1,,,,,,,,,,,
670,2013,7,2,1,2,5,4,5,5,5,5,5,,,,,,,,,,,
671,2013,5,2,1,2,2,7,8,9,5,9,1,,,,,,,,,,,
672,2013,8,1,2,1,2,9,9,9,5,9,1,,,,,,,,,,,
673,2013,9,2,2,2,4,1,9,9,3,9,1,,,,,,,,,,,
674,2013,6,1,2,2,1,1,-9,-9,-9,-9,-9,,,,,,,,,,,
675,2013,6,2,2,2,3,4,2,9,4,9,3,,,,,,,,,,,
676,2013,7,2,1,2,1,1,1,1,1,1,1,,,,,,,,,,,
677,2013,6,2,2,2,-9,-9,-9,-9,-9,-9,-9,,,,,,,,,,,
678,2013,-9,2,-9,-9,-9,-9,-9,-9,-9,-9,-9,,,,,,,,,,,
679,2013,8,2,2,2,1,3,1,7,3,2,1,,,,,,,,,,,
680,2013,9,3,1,2,7,5,1,5,4,5,1,,,,,,,,,,,
681,2013,8,2,2,2,5,6,1,9,4,5,1,,,,,,,,,,,
682,2013,9,1,2,2,4,4,1,4,3,4,1,,,,,,,,,,,
683,2013,7,2,2,2,4,4,5,3,4,2,2,,,,,,,,,,,
684,2013,6,2,2,2,1,7,1,7,4,1,1,,,,,,,,,,,
685,2013,5,2,1,2,4,5,5,5,5,6,2,,,,,,,,,,,
686,2013,6,2,2,1,3,8,8,3,3,7,4,,,,,,,,,,,
687,2013,8,2,2,-9,6,7,4,9,9,5,1,,,,,,,,,,,
688,2013,5,1,2,2,3,5,5,5,5,3,1,,,,,,,,,,,
689,2013,8,2,2,2,2,3,6,6,3,5,2,,,,,,,,,,,
690,2013,7,2,1,2,3,4,9,9,9,9,7,,,,,,,,,,,
691,2013,4,2,2,1,2,4,4,2,2,3,3,,,,,,,,,,,
692,2013,8,2,2,1,2,1,3,2,1,2,1,,,,,,,,,,,
693,2013,7,1,2,2,-9,-9,-9,-9,-9,-9,-9,,,,,,,,,,,
694,2013,6,2,2,2,3,4,3,2,2,4,3,,,,,,,,,,,
695,2013,8,2,2,1,5,3,3,6,4,2,1,,,,,,,,,,,
696,2013,6,1,2,2,3,2,4,9,9,4,5,,,,,,,,,,,
697,2013,5,2,2,1,2,3,3,5,5,5,4,,,,,,,,,,,
698,2013,8,2,2,1,1,5,6,5,1,2,1,,,,,,,,,,,
699,2013,9,2,2,2,3,3,3,5,2,3,1,,,,,,,,,,,
700,2013,8,2,1,2,2,4,7,7,6,8,4,,,,,,,,,,,
701,2013,8,2,1,2,2,2,4,5,5,1,1,,,,,,,,,,,
702,2013,9,2,2,1,3,2,3,1,5,5,1,,,,,,,,,,,
703,2013,2,3,2,1,2,9,1,4,4,3,2,,,,,,,,,,,
704,2013,6,2,1,1,3,9,6,6,6,6,3,,,,,,,,,,,
705,2013,6,3,1,1,5,5,4,9,6,6,2,,,,,,,,,,,
706,2013,5,2,2,2,5,9,4,8,9,7,1,,,,,,,,,,,
707,2013,7,2,2,1,4,4,5,5,5,5,5,,,,,,,,,,,
708,2013,6,2,2,-9,6,1,4,9,2,5,1,,,,,,,,,,,
709,2013,5,2,1,2,8,4,6,2,4,5,4,,,,,,,,,,,
710,2013,8,2,2,2,4,4,6,8,3,7,5,,,,,,,,,,,
711,2013,8,2,1,2,5,9,2,4,3,6,1,,,,,,,,,,,
712,2013,7,2,2,2,5,3,3,5,3,3,3,,,,,,,,,,,
713,2013,9,2,2,2,9,6,1,6,3,5,1,,,,,,,,,,,
714,2013,8,2,1,1,6,6,5,5,3,3,2,,,,,,,,,,,
715,2013,6,2,1,2,4,9,4,9,2,9,1,,,,,,,,,,,
716,2013,9,1,1,1,4,3,4,2,2,4,1,,,,,,,,,,,
717,2013,7,3,1,2,6,7,2,5,5,5,1,,,,,,,,,,,
718,2013,5,2,2,-9,3,5,3,5,2,4,2,,,,,,,,,,,
719,2013,6,1,1,1,4,3,3,2,2,2,1,,,,,,,,,,,
720,2013,8,3,2,2,4,6,4,9,5,9,5,,,,,,,,,,,
721,2013,6,1,2,1,4,5,5,8,3,6,1,,,,,,,,,,,
722,2013,9,2,1,2,4,7,6,6,3,4,5,,,,,,,,,,,
723,2013,9,2,1,2,4,4,2,5,4,5,2,,,,,,,,,,,
724,2013,7,2,2,2,6,5,9,9,7,9,5,,,,,,,,,,,
725,2013,8,2,1,1,3,7,7,1,2,5,1,,,,,,,,,,,
726,2013,8,2,1,1,3,5,5,4,2,3,2,,,,,,,,,,,
727,2013,8,2,1,2,4,3,3,4,2,4,1,,,,,,,,,,,
728,2013,9,2,2,2,4,3,1,2,2,3,1,,,,,,,,,,,
729,2013,3,3,1,1,2,2,1,3,2,1,1,,,,,,,,,,,
730,2013,7,3,1,2,3,5,2,6,2,3,1,,,,,,,,,,,
731,2013,3,3,1,2,4,2,3,1,2,2,1,,,,,,,,,,,
732,2013,1,2,2,2,1,2,1,9,2,4,1,,,,,,,,,,,
733,2013,3,1,2,1,1,1,9,9,9,9,9,,,,,,,,,,,
734,2013,6,1,2,1,4,7,2,9,3,5,1,,,,,,,,,,,
735,2013,7,2,2,1,4,5,5,4,3,3,1,,,,,,,,,,,
736,2013,8,2,2,1,2,5,3,3,3,2,1,,,,,,,,,,,
737,2013,3,2,2,1,3,4,5,6,2,5,1,,,,,,,,,,,
738,2013,9,2,2,2,3,4,1,4,2,4,1,,,,,,,,,,,
739,2013,8,2,2,2,4,6,1,2,2,5,2,,,,,,,,,,,
740,2013,9,2,2,1,7,6,6,7,4,3,1,,,,,,,,,,,
741,2013,9,2,1,2,5,7,7,8,4,8,1,,,,,,,,,,,
742,2013,6,3,2,1,3,2,2,2,2,2,2,,,,,,,,,,,
743,2013,6,3,1,1,4,4,2,2,2,3,1,,,,,,,,,,,
744,2013,9,1,1,2,5,7,6,4,3,4,2,,,,,,,,,,,
745,2013,9,2,2,1,5,4,3,3,3,2,1,,,,,,,,,,,
746,2013,7,2,1,1,5,4,4,9,4,3,5,,,,,,,,,,,
747,2013,8,3,2,-9,4,3,2,6,2,4,1,,,,,,,,,,,
748,2013,2,1,2,1,3,9,9,5,5,5,8,,,,,,,,,,,
749,2013,2,1,2,2,4,9,7,4,3,3,1,,,,,,,,,,,
750,2013,6,3,1,2,-9,9,7,7,7,7,7,,,,,,,,,,,
751,2013,9,2,2,2,4,8,2,3,2,3,1,,,,,,,,,,,
752,2013,8,2,2,2,3,5,2,3,2,2,1,,,,,,,,,,,
753,2013,8,2,2,2,5,4,4,6,5,3,1,,,,,,,,,,,
754,2013,9,3,1,2,3,9,2,6,4,6,6,,,,,,,,,,,
755,2013,8,2,2,2,3,4,2,5,3,5,4,,,,,,,,,,,
756,2013,2,2,2,1,4,7,9,9,5,7,4,,,,,,,,,,,
757,2013,7,2,2,2,1,2,1,4,3,4,1,,,,,,,,,,,
758,2013,4,2,2,2,5,3,2,1,1,2,1,,,,,,,,,,,
759,2013,4,1,-9,1,4,4,5,5,4,4,2,,,,,,,,,,,
760,2013,7,1,1,2,3,9,9,9,4,9,2,,,,,,,,,,,
761,2013,6,1,2,1,-9,-9,-9,-9,-9,-9,-9,,,,,,,,,,,
762,2013,6,2,1,-9,3,9,9,8,4,9,1,,,,,,,,,,,
763,2013,8,2,1,2,6,6,4,3,3,1,1,,,,,,,,,,,
764,2013,8,2,2,1,3,3,6,6,6,4,1,,,,,,,,,,,
765,2013,1,2,2,1,1,4,4,1,1,3,1,,,,,,,,,,,
766,2013,6,2,1,1,3,6,5,2,2,2,5,,,,,,,,,,,
767,2013,8,2,1,2,4,3,7,6,5,4,2,,,,,,,,,,,
768,2013,8,1,2,2,6,4,2,4,3,4,1,,,,,,,,,,,
769,2013,5,2,2,1,5,3,4,9,4,9,1,,,,,,,,,,,
770,2013,4,2,1,1,9,9,1,9,5,9,1,,,,,,,,,,,
771,2013,3,2,-9,1,3,5,5,5,5,1,3,,,,,,,,,,,
772,2013,7,2,1,1,1,1,2,3,2,1,1,,,,,,,,,,,
773,2013,7,2,1,2,3,5,4,3,3,4,1,,,,,,,,,,,
774,2013,6,3,2,-9,3,5,3,6,2,3,1,,,,,,,,,,,
775,2013,9,3,1,2,4,6,1,8,3,5,2,,,,,,,,,,,
776,2013,7,2,1,2,5,9,7,9,4,7,1,,,,,,,,,,,
777,2013,8,2,2,2,4,3,3,3,3,3,2,,,,,,,,,,,
778,2013,7,2,1,2,4,9,9,8,2,9,1,,,,,,,,,,,
779,2013,3,2,2,2,2,7,9,9,2,9,1,,,,,,,,,,,
780,2013,8,2,2,2,6,5,2,3,2,3,3,,,,,,,,,,,
781,2013,8,2,2,2,3,6,6,3,2,4,1,,,,,,,,,,,
782,2013,4,3,2,1,2,3,2,6,4,3,1,,,,,,,,,,,
783,2013,8,2,2,2,3,4,5,5,2,4,1,,,,,,,,,,,
784,2013,5,2,2,2,3,4,9,9,2,3,3,,,,,,,,,,,
785,2013,9,1,2,2,4,3,3,3,2,3,1,,,,,,,,,,,
786,2013,4,2,2,2,4,4,6,9,3,6,1,,,,,,,,,,,
787,2013,8,2,1,2,3,4,3,5,4,2,2,,,,,,,,,,,
788,2013,8,2,2,1,-9,-9,-9,-9,-9,-9,-9,,,,,,,,,,,
789,2013,5,1,2,1,4,6,5,4,6,4,1,,,,,,,,,,,
790,2013,4,2,2,1,1,4,7,6,3,4,2,,,,,,,,,,,
791,2013,6,2,1,1,2,6,6,4,5,2,1,,,,,,,,,,,
792,2013,5,2,2,2,4,3,5,6,4,1,1,,,,,,,,,,,
793,2013,4,2,2,2,4,6,7,7,4,6,1,,,,,,,,,,,
794,2013,5,2,2,1,2,6,6,3,2,2,1,,,,,,,,,,,
795,2013,5,2,1,1,4,4,6,5,2,5,1,,,,,,,,,,,
796,2013,6,2,1,2,3,4,1,2,2,2,1,,,,,,,,,,,
797,2013,5,2,1,2,3,2,4,4,3,4,1,,,,,,,,,,,
798,2013,9,3,1,1,7,7,6,3,2,4,2,,,,,,,,,,,
799,2013,8,2,2,1,3,4,6,5,2,4,2,,,,,,,,,,,
800,2013,6,2,2,1,5,5,3,9,7,7,4,,,,,,,,,,,
801,2013,6,2,1,2,3,5,1,7,2,5,1,,,,,,,,,,,
802,2013,6,3,2,1,4,5,4,2,2,3,1,,,,,,,,,,,
803,2013,7,2,1,2,4,5,3,4,2,3,2,,,,,,,,,,,
804,2013,6,1,2,1,5,3,3,2,2,2,2,,,,,,,,,,,
805,2013,9,2,1,1,5,4,3,3,4,4,1,,,,,,,,,,,
806,2013,8,3,2,2,2,6,1,4,1,4,1,,,,,,,,,,,
807,2013,5,2,1,1,4,5,3,3,2,3,2,,,,,,,,,,,
808,2013,3,2,2,1,4,4,5,2,2,3,1,,,,,,,,,,,
809,2013,5,2,2,2,1,6,9,9,3,9,9,,,,,,,,,,,
810,2013,6,2,2,1,2,2,2,2,2,1,1,,,,,,,,,,,
811,2013,7,3,2,1,4,3,5,5,3,4,1,,,,,,,,,,,
812,2013,7,2,2,2,2,7,3,7,4,6,1,,,,,,,,,,,
813,2013,9,3,2,2,4,3,3,1,3,1,1,,,,,,,,,,,
814,2013,3,1,1,2,1,1,9,9,4,2,1,,,,,,,,,,,
815,2013,7,1,1,1,3,3,3,5,2,4,3,,,,,,,,,,,
816,2013,6,2,2,2,6,6,1,9,4,9,9,,,,,,,,,,,
817,2013,8,3,2,1,4,6,4,5,2,2,2,,,,,,,,,,,
818,2013,5,2,2,2,4,6,2,8,3,6,3,,,,,,,,,,,
819,2013,4,2,1,1,1,4,5,9,3,8,1,,,,,,,,,,,
820,2013,5,2,1,2,3,3,7,9,9,7,1,,,,,,,,,,,
821,2013,9,2,1,2,4,8,4,7,5,7,5,,,,,,,,,,,
822,2013,8,2,1,2,2,6,1,6,2,5,2,,,,,,,,,,,
823,2013,7,2,2,2,3,6,2,1,1,3,1,,,,,,,,,,,
824,2013,6,3,1,2,4,7,2,7,2,5,2,,,,,,,,,,,
825,2013,9,2,2,-9,1,1,1,1,1,1,1,,,,,,,,,,,
826,2013,8,2,2,-9,2,1,2,4,4,1,1,,,,,,,,,,,
827,2013,4,3,1,2,3,1,9,9,9,4,1,,,,,,,,,,,
828,2013,8,2,2,2,3,8,8,6,5,8,1,,,,,,,,,,,
829,2013,9,1,1,2,2,8,2,2,2,1,1,,,,,,,,,,,
830,2013,8,1,2,1,6,5,5,6,3,2,1,,,,,,,,,,,
831,2013,9,2,2,1,-9,-9,-9,-9,-9,-9,-9,,,,,,,,,,,
832,2013,8,1,1,2,4,7,7,6,2,5,1,,,,,,,,,,,
833,2013,8,2,2,2,5,4,8,9,6,8,5,,,,,,,,,,,
834,2013,9,2,2,2,2,7,6,3,2,3,1,,,,,,,,,,,
835,2013,7,2,1,1,-9,-9,-9,-9,-9,-9,-9,,,,,,,,,,,
836,2013,5,2,1,1,2,2,3,4,3,3,1,,,,,,,,,,,
837,2013,9,2,1,1,3,2,4,9,9,1,1,,,,,,,,,,,
838,2013,6,2,2,2,3,3,5,7,3,3,3,,,,,,,,,,,
839,2013,3,2,2,1,2,2,9,9,9,9,9,,,,,,,,,,,
840,2013,9,2,1,2,4,4,1,9,9,9,2,,,,,,,,,,,
841,2013,6,2,2,1,4,2,9,2,4,3,2,,,,,,,,,,,
842,2013,4,2,2,1,5,4,5,8,6,5,7,,,,,,,,,,,
843,2013,4,2,2,2,5,4,2,4,3,5,1,,,,,,,,,,,
844,2013,7,3,1,1,3,3,2,2,2,2,2,,,,,,,,,,,
845,2013,3,2,2,-9,4,7,9,9,5,9,1,,,,,,,,,,,
846,2013,4,2,1,2,9,7,9,7,7,2,1,,,,,,,,,,,
847,2013,-9,2,2,2,-9,-9,-9,-9,-9,-9,-9,,,,,,,,,,,
848,2013,9,2,2,2,5,5,4,4,3,4,4,,,,,,,,,,,
849,2013,4,2,2,2,2,3,2,3,3,3,2,,,,,,,,,,,
850,2013,5,2,1,1,9,9,9,1,1,2,9,,,,,,,,,,,
851,2013,-9,3,-9,-9,-9,-9,-9,-9,-9,-9,-9,,,,,,,,,,,
852,2013,9,2,2,2,4,4,5,1,1,2,1,,,,,,,,,,,
853,2013,5,2,2,1,4,5,1,6,3,6,2,,,,,,,,,,,
854,2013,8,3,2,1,5,5,4,2,2,3,1,,,,,,,,,,,
855,2013,8,2,1,1,3,5,4,6,2,2,1,,,,,,,,,,,
856,2013,9,2,2,1,2,3,2,5,2,4,2,,,,,,,,,,,
857,2013,9,3,1,1,4,6,6,4,1,2,1,,,,,,,,,,,
858,2013,8,2,1,1,3,6,3,5,2,3,1,,,,,,,,,,,
859,2013,7,3,2,1,7,6,7,5,5,4,1,,,,,,,,,,,
860,2013,7,2,1,2,3,4,1,5,2,5,2,,,,,,,,,,,
861,2013,8,2,1,2,4,2,1,3,2,1,1,,,,,,,,,,,
862,2013,3,1,2,2,8,8,1,4,3,5,1,,,,,,,,,,,
863,2013,8,2,1,2,3,9,2,9,6,9,2,,,,,,,,,,,
864,2013,8,3,1,2,2,2,3,9,2,3,1,,,,,,,,,,,
865,2013,6,2,2,1,4,3,4,4,3,3,1,,,,,,,,,,,
866,2013,7,2,1,2,3,3,3,3,2,3,3,,,,,,,,,,,
867,2013,9,2,1,2,6,7,4,4,5,3,1,,,,,,,,,,,
868,2013,5,2,1,1,3,4,3,4,6,3,2,,,,,,,,,,,
869,2013,9,2,-9,-9,3,4,2,3,2,5,4,,,,,,,,,,,
870,2013,7,2,1,2,3,3,1,4,4,4,2,,,,,,,,,,,
871,2013,5,2,2,1,1,9,9,3,2,5,3,,,,,,,,,,,
872,2013,7,3,1,1,7,7,6,6,2,3,2,,,,,,,,,,,
873,2013,3,2,2,2,2,9,9,9,4,7,2,,,,,,,,,,,
874,2013,9,2,2,2,4,9,9,9,5,4,2,,,,,,,,,,,
875,2013,4,2,2,1,2,5,6,6,6,6,1,,,,,,,,,,,
876,2013,8,1,1,2,4,5,2,9,3,7,1,,,,,,,,,,,
877,2013,6,2,2,1,4,7,7,8,2,3,1,,,,,,,,,,,
878,2013,9,1,1,1,4,6,3,2,2,2,2,,,,,,,,,,,
879,2013,5,2,2,1,5,6,4,5,2,3,3,,,,,,,,,,,
880,2013,4,2,2,1,4,8,8,9,3,4,2,,,,,,,,,,,
881,2013,3,2,2,1,3,9,9,9,9,8,9,,,,,,,,,,,
882,2013,8,2,1,2,4,7,2,9,4,7,3,,,,,,,,,,,
883,2013,8,2,1,2,2,7,4,9,2,7,4,,,,,,,,,,,
884,2013,5,2,2,1,3,7,4,7,2,3,1,,,,,,,,,,,
885,2013,8,3,2,2,4,6,4,4,4,2,4,,,,,,,,,,,
886,2013,7,2,1,2,8,5,4,5,2,4,3,,,,,,,,,,,
887,2013,7,2,2,1,2,4,2,3,2,5,1,,,,,,,,,,,
888,2013,9,2,2,2,4,2,1,1,1,1,1,,,,,,,,,,,
889,2013,6,2,1,2,4,4,3,2,2,4,1,,,,,,,,,,,
890,2013,5,1,2,1,1,4,9,1,1,3,9,,,,,,,,,,,
891,2013,9,3,1,1,5,4,3,3,2,2,1,,,,,,,,,,,
892,2013,9,1,2,1,-9,-9,-9,-9,-9,-9,-9,,,,,,,,,,,
893,2013,6,2,2,1,3,7,7,4,2,2,3,,,,,,,,,,,
894,2013,6,3,2,1,3,4,2,2,2,3,1,,,,,,,,,,,
895,2013,9,2,1,1,4,6,6,3,2,3,1,,,,,,,,,,,
896,2013,7,2,1,2,3,5,2,5,2,2,1,,,,,,,,,,,
897,2013,7,2,2,2,2,5,4,5,3,4,1,,,,,,,,,,,
898,2013,4,2,2,1,3,5,5,3,2,6,1,,,,,,,,,,,
899,2013,6,3,1,2,-9,-9,-9,-9,-9,-9,-9,,,,,,,,,,,
900,2013,5,2,2,1,1,1,5,5,3,1,1,,,,,,,,,,,
901,2013,5,2,1,2,-9,-9,-9,-9,-9,-9,-9,,,,,,,,,,,
902,2013,-9,2,1,1,-9,-9,-9,-9,-9,-9,-9,,,,,,,,,,,
903,2013,9,2,2,1,2,3,4,4,2,4,1,,,,,,,,,,,
904,2013,9,2,1,2,2,2,2,3,1,2,1,,,,,,,,,,,
905,2013,9,3,2,1,8,-9,1,3,1,1,1,,,,,,,,,,,
906,2013,8,2,1,2,-9,-9,-9,-9,-9,-9,-9,,,,,,,,,,,
907,2013,5,2,1,2,-9,-9,-9,-9,-9,-9,-9,,,,,,,,,,,
908,2013,8,2,2,1,3,5,3,5,3,8,3,,,,,,,,,,,
909,2013,7,2,1,2,1,1,1,1,1,1,1,,,,,,,,,,,
910,2013,9,2,2,2,1,1,1,1,1,1,1,,,,,,,,,,,
911,2013,7,2,1,2,3,5,9,9,5,9,4,,,,,,,,,,,
912,2013,8,-9,2,1,4,3,3,3,4,2,2,,,,,,,,,,,
913,2013,8,3,1,2,-9,-9,6,6,4,4,2,,,,,,,,,,,
914,2013,9,3,2,1,1,1,1,1,1,1,1,,,,,,,,,,,
915,2013,5,3,1,2,4,1,9,9,4,9,1,,,,,,,,,,,
916,2013,2,2,2,-9,-9,-9,-9,-9,-9,-9,-9,,,,,,,,,,,
917,2013,9,2,2,2,4,4,3,9,2,9,1,,,,,,,,,,,
918,2013,5,3,2,2,3,3,1,4,1,2,1,,,,,,,,,,,
919,2013,7,2,1,1,3,3,3,2,2,2,2,,,,,,,,,,,
920,2013,7,2,2,1,1,1,4,4,4,4,4,,,,,,,,,,,
921,2013,7,2,2,1,4,6,3,4,1,3,1,,,,,,,,,,,
922,2013,-9,2,2,-9,-9,-9,-9,-9,-9,-9,-9,,,,,,,,,,,
923,2013,6,3,1,2,-9,-9,-9,-9,-9,-9,-9,,,,,,,,,,,
924,2013,9,2,2,1,4,6,5,7,3,4,1,,,,,,,,,,,
925,2013,7,3,1,2,3,1,4,2,2,2,1,,,,,,,,,,,
926,2013,8,2,1,2,7,2,1,4,3,2,1,,,,,,,,,,,
927,2013,6,2,1,-9,-9,-9,-9,-9,-9,-9,-9,,,,,,,,,,,
928,2013,9,2,2,1,-9,-9,-9,-9,-9,-9,-9,,,,,,,,,,,
929,2013,9,2,1,1,1,1,1,1,1,1,1,,,,,,,,,,,
930,2013,5,3,2,1,-9,-9,-9,-9,-9,-9,-9,,,,,,,,,,,
931,2013,8,2,2,1,8,6,4,3,2,3,2,,,,,,,,,,,
932,2013,9,2,2,2,6,5,8,7,2,8,2,,,,,,,,,,,
933,2013,9,2,2,2,9,5,2,3,2,4,2,,,,,,,,,,,
934,2013,8,2,2,1,7,4,2,3,2,3,1,,,,,,,,,,,
935,2013,7,2,2,1,5,5,3,6,6,5,6,,,,,,,,,,,
936,2013,6,3,2,1,9,6,4,3,1,3,1,,,,,,,,,,,
937,2013,3,1,1,1,9,1,6,9,3,9,1,,,,,,,,,,,
938,2013,9,3,1,1,9,3,2,2,2,2,2,,,,,,,,,,,
939,2013,9,2,2,2,8,7,8,8,8,8,2,,,,,,,,,,,
940,2013,8,2,2,2,9,5,4,3,3,3,2,,,,,,,,,,,
941,2013,9,3,2,1,6,6,3,3,2,4,1,,,,,,,,,,,
942,2013,8,3,2,1,5,4,6,5,1,4,1,,,,,,,,,,,
943,2013,9,2,1,2,5,3,1,8,4,3,1,,,,,,,,,,,
944,2013,9,3,2,2,5,3,1,9,3,3,1,,,,,,,,,,,
945,2013,8,3,1,2,3,3,3,2,2,2,1,,,,,,,,,,,
946,2013,7,2,1,1,2,5,1,9,2,7,1,,,,,,,,,,,
947,2013,7,1,1,2,5,6,1,9,2,9,2,,,,,,,,,,,
948,2013,8,2,1,2,4,3,3,9,4,8,1,,,,,,,,,,,
949,2013,5,2,2,1,2,4,6,8,3,6,1,,,,,,,,,,,
950,2013,2,2,2,1,6,7,1,5,1,6,2,,,,,,,,,,,
951,2013,-9,3,2,1,5,4,3,4,6,2,1,,,,,,,,,,,
952,2013,7,2,1,2,3,3,5,8,5,9,4,,,,,,,,,,,
953,2013,7,2,1,2,2,2,2,5,5,5,3,,,,,,,,,,,
954,2013,3,2,2,2,1,3,4,9,2,3,1,,,,,,,,,,,
955,2013,9,1,2,1,1,7,8,9,9,9,1,,,,,,,,,,,
956,2013,8,2,1,2,2,5,7,4,2,4,4,,,,,,,,,,,
957,2013,6,2,1,1,2,2,5,5,3,1,1,,,,,,,,,,,
958,2013,5,2,2,1,1,1,3,5,3,7,1,,,,,,,,,,,
959,2013,8,3,2,2,7,4,6,7,6,6,3,,,,,,,,,,,
960,2013,9,2,2,2,5,4,3,4,3,3,1,,,,,,,,,,,
961,2013,9,3,1,1,1,1,1,1,1,1,1,,,,,,,,,,,
962,2013,7,2,1,1,2,5,1,5,4,2,1,,,,,,,,,,,
963,2013,6,2,1,2,3,5,4,4,2,4,1,,,,,,,,,,,
964,2013,4,2,2,2,3,9,5,9,2,9,1,,,,,,,,,,,
965,2013,-9,2,-9,-9,-9,-9,-9,-9,-9,-9,-9,,,,,,,,,,,
966,2013,9,2,2,2,-9,-9,-9,-9,-9,-9,-9,,,,,,,,,,,
967,2013,9,3,2,2,3,4,1,4,2,6,1,,,,,,,,,,,
968,2013,9,2,1,1,3,2,3,3,3,2,2,,,,,,,,,,,
969,2013,9,3,2,2,3,5,3,5,2,3,1,,,,,,,,,,,
970,2013,8,2,1,2,3,7,2,2,2,4,1,,,,,,,,,,,
971,2013,9,3,2,1,3,3,1,3,2,3,1,,,,,,,,,,,
972,2013,7,3,1,-9,3,4,4,3,2,3,1,,,,,,,,,,,
973,2013,7,2,2,2,3,3,5,5,3,2,3,,,,,,,,,,,
974,2013,7,2,1,1,3,5,3,7,2,5,2,,,,,,,,,,,
975,2013,4,1,2,1,2,1,1,9,2,5,7,,,,,,,,,,,
976,2013,8,2,1,2,6,7,3,4,2,3,1,,,,,,,,,,,
977,2013,3,2,1,1,2,2,4,4,4,4,4,,,,,,,,,,,
978,2013,6,3,2,1,2,2,6,7,5,7,6,,,,,,,,,,,
979,2013,7,2,2,1,3,4,3,4,4,1,2,,,,,,,,,,,
980,2013,5,2,2,2,2,6,1,5,5,2,1,,,,,,,,,,,
981,2013,7,3,2,2,3,7,7,6,4,3,2,,,,,,,,,,,
982,2013,4,3,2,2,2,4,1,6,3,2,1,,,,,,,,,,,
983,2013,8,2,1,2,3,5,3,5,3,5,1,,,,,,,,,,,
984,2013,8,2,2,-9,2,4,9,9,-9,2,2,,,,,,,,,,,
985,2013,9,3,2,2,2,8,8,8,5,8,1,,,,,,,,,,,
986,2013,9,2,2,2,1,1,1,1,1,1,1,,,,,,,,,,,
987,2013,4,2,2,2,1,7,1,7,7,7,1,,,,,,,,,,,
988,2013,3,3,2,1,3,3,3,6,5,6,6,,,,,,,,,,,
989,2013,9,2,2,2,3,4,5,5,3,7,1,,,,,,,,,,,
990,2013,8,2,2,1,2,3,4,2,2,2,1,,,,,,,,,,,
991,2013,9,2,2,2,2,3,1,4,3,2,1,,,,,,,,,,,
992,2013,7,2,2,1,3,4,4,5,7,2,1,,,,,,,,,,,
993,2013,6,2,2,1,4,5,6,9,6,7,1,,,,,,,,,,,
994,2013,4,3,1,1,4,3,9,9,7,2,1,,,,,,,,,,,
995,2013,3,1,2,2,3,3,2,5,8,2,1,,,,,,,,,,,
996,2013,5,2,2,2,1,1,3,2,1,1,1,,,,,,,,,,,
997,2013,4,2,1,1,4,4,2,2,-9,-9,-9,,,,,,,,,,,
998,2013,5,1,1,2,1,5,5,5,6,5,1,,,,,,,,,,,
999,2013,8,3,2,2,2,3,4,3,2,3,1,,,,,,,,,,,
1000,2013,6,3,2,1,4,5,3,4,2,6,1,,,,,,,,,,,
1001,2013,6,2,-9,-9,5,4,3,6,3,3,1,,,,,,,,,,,
1002,2013,4,1,1,2,1,3,2,9,7,1,2,,,,,,,,,,,
1003,2013,2,2,2,1,4,4,4,5,2,4,2,,,,,,,,,,,
1004,2013,8,2,2,2,7,4,5,4,4,7,1,,,,,,,,,,,
1005,2013,8,1,1,1,3,7,6,5,3,1,7,,,,,,,,,,,
1006,2013,8,2,2,2,3,-9,5,5,5,5,1,,,,,,,,,,,
1007,2013,9,2,1,2,2,2,1,9,6,6,5,,,,,,,,,,,
1008,2013,7,3,1,2,3,4,4,5,4,5,2,,,,,,,,,,,
1009,2013,5,1,2,1,-9,-9,-9,-9,-9,-9,-9,,,,,,,,,,,
1010,2013,-9,2,2,1,-9,-9,-9,-9,-9,-9,-9,,,,,,,,,,,
1011,2013,7,2,2,1,3,6,6,4,3,4,1,,,,,,,,,,,
1012,2013,4,1,2,1,1,9,5,9,3,9,1,,,,,,,,,,,
1013,2013,5,2,2,2,7,9,9,9,9,9,1,,,,,,,,,,,
1014,2013,8,3,1,1,4,2,2,2,2,2,2,,,,,,,,,,,
1015,2013,4,2,2,1,6,7,7,7,5,5,3,,,,,,,,,,,
1016,2013,6,2,1,1,-9,-9,-9,-9,-9,-9,-9,,,,,,,,,,,
1017,2013,6,2,1,1,4,9,9,2,2,2,9,,,,,,,,,,,
1018,2013,-9,2,2,1,-9,-9,-9,-9,-9,-9,-9,,,,,,,,,,,
1019,2013,5,2,2,1,5,9,9,5,4,4,1,,,,,,,,,,,
1020,2013,8,2,1,1,5,7,6,2,1,3,1,,,,,,,,,,,
1021,2013,8,2,2,1,-9,-9,-9,-9,-9,-9,-9,,,,,,,,,,,
1022,2013,8,3,2,1,7,4,5,6,3,5,1,,,,,,,,,,,
1023,2013,8,2,2,1,7,7,6,2,3,4,2,,,,,,,,,,,
1024,2013,6,2,2,1,3,2,4,-9,5,6,1,,,,,,,,,,,
1025,2013,8,2,2,1,7,7,5,3,3,2,1,,,,,,,,,,,
1026,2013,7,2,1,1,4,5,2,3,3,4,2,,,,,,,,,,,
1027,2013,7,2,2,1,6,6,4,4,4,4,1,,,,,,,,,,,
1028,2013,8,2,2,1,6,9,5,6,4,2,1,,,,,,,,,,,
1029,2013,7,3,1,1,6,6,5,5,5,5,5,,,,,,,,,,,
1030,2013,6,2,2,1,5,6,7,9,4,8,2,,,,,,,,,,,
1031,2013,7,3,1,-9,4,4,4,2,2,3,1,,,,,,,,,,,
1032,2013,7,3,1,1,3,5,2,5,2,4,1,,,,,,,,,,,
1033,2013,8,2,2,1,1,6,1,5,6,4,4,,,,,,,,,,,
1034,2013,9,3,1,1,9,9,9,9,9,9,9,,,,,,,,,,,
1035,2013,9,1,2,1,3,3,4,2,2,3,1,,,,,,,,,,,
1036,2013,8,2,2,1,6,7,6,5,2,4,2,,,,,,,,,,,
1037,2013,6,2,2,1,5,4,7,7,3,3,1,,,,,,,,,,,
1038,2013,8,2,2,1,3,3,7,3,2,3,1,,,,,,,,,,,
1039,2013,6,3,2,1,-9,-9,-9,-9,-9,-9,-9,,,,,,,,,,,
1040,2013,8,2,1,1,7,7,2,5,6,5,1,,,,,,,,,,,
1041,2013,6,3,2,1,3,8,5,5,4,4,4,,,,,,,,,,,
1042,2013,8,2,2,1,6,3,5,6,2,6,2,,,,,,,,,,,
1043,2013,6,2,2,1,4,8,4,5,3,5,2,,,,,,,,,,,
1044,2013,8,3,2,1,4,4,3,9,4,7,1,,,,,,,,,,,
1045,2013,6,2,2,1,3,4,1,4,2,4,1,,,,,,,,,,,
1046,2013,7,2,2,1,3,4,5,4,2,5,2,,,,,,,,,,,
1047,2013,8,2,2,1,4,4,7,8,3,4,1,,,,,,,,,,,
1048,2013,9,2,2,1,4,6,6,6,1,3,1,,,,,,,,,,,
1049,2013,8,2,2,1,5,6,3,5,3,6,3,,,,,,,,,,,
1050,2013,6,2,1,1,3,2,7,8,4,2,1,,,,,,,,,,,
1051,2013,7,2,1,2,5,2,2,9,3,3,1,,,,,,,,,,,
1052,2013,7,3,1,2,3,4,8,9,4,3,3,,,,,,,,,,,
1053,2013,8,3,1,1,3,7,5,7,2,6,2,,,,,,,,,,,
1054,2013,6,1,1,1,5,9,3,2,2,6,2,,,,,,,,,,,
1055,2013,6,1,1,2,-9,-9,-9,-9,-9,-9,-9,,,,,,,,,,,
1056,2013,9,1,2,1,3,5,5,6,3,4,1,,,,,,,,,,,
1057,2013,8,2,2,2,6,8,9,9,5,9,1,,,,,,,,,,,
1058,2013,4,2,1,2,3,2,1,9,4,2,1,,,,,,,,,,,
1059,2013,7,2,1,2,3,5,1,6,3,6,1,,,,,,,,,,,
1060,2013,8,2,1,2,2,3,1,8,5,3,1,,,,,,,,,,,
1061,2013,8,3,1,1,1,3,6,5,2,2,1,,,,,,,,,,,
1062,2013,7,2,2,1,4,4,6,9,9,4,3,,,,,,,,,,,
1063,2013,6,2,2,2,5,6,4,6,6,3,3,,,,,,,,,,,
1064,2013,6,2,2,1,2,1,1,1,1,1,1,,,,,,,,,,,
1065,2013,3,2,2,1,-9,-9,-9,-9,-9,-9,-9,,,,,,,,,,,
1066,2013,2,2,1,2,7,9,1,9,4,9,1,,,,,,,,,,,
1067,2013,4,1,1,2,1,2,2,2,2,2,2,,,,,,,,,,,
1068,2013,7,3,1,2,5,6,7,7,3,7,1,,,,,,,,,,,
1069,2013,6,3,1,1,4,6,2,4,2,2,1,,,,,,,,,,,
1070,2013,3,3,2,1,3,4,3,7,6,7,1,,,,,,,,,,,
1071,2013,7,3,1,2,3,3,3,6,3,4,2,,,,,,,,,,,
1072,2013,7,1,2,2,6,5,3,2,2,2,1,,,,,,,,,,,
1073,2013,7,2,1,2,3,5,5,6,4,3,1,,,,,,,,,,,
1074,2013,5,2,1,2,3,4,2,9,5,9,5,,,,,,,,,,,
1075,2013,7,2,2,2,3,5,1,7,6,7,1,,,,,,,,,,,
1076,2013,8,1,1,2,5,9,7,7,6,5,5,,,,,,,,,,,
1077,2013,4,2,2,2,2,9,3,9,6,9,1,,,,,,,,,,,
1078,2013,8,3,2,2,-9,-9,-9,-9,-9,-9,-9,,,,,,,,,,,
1079,2013,2,1,2,1,-9,-9,-9,-9,-9,-9,-9,,,,,,,,,,,
1080,2013,5,3,1,-9,-9,-9,-9,-9,-9,-9,-9,,,,,,,,,,,
1081,2013,7,1,1,2,-9,-9,-9,-9,-9,-9,-9,,,,,,,,,,,
1082,2013,6,2,2,2,4,3,3,4,3,3,1,,,,,,,,,,,
1083,2013,7,2,1,1,5,9,5,1,1,9,1,,,,,,,,,,,
1084,2013,6,2,2,1,4,2,4,7,8,5,6,,,,,,,,,,,
1085,2013,6,3,1,1,6,9,9,9,4,6,1,,,,,,,,,,,
1086,2013,8,1,2,-9,2,1,3,5,1,2,5,,,,,,,,,,,
1087,2013,3,3,2,1,2,4,4,2,2,1,1,,,,,,,,,,,
1088,2013,8,2,1,2,2,4,3,3,2,3,1,,,,,,,,,,,
1089,2013,8,2,2,2,5,9,5,7,4,7,4,,,,,,,,,,,
1090,2013,8,2,2,2,3,4,3,5,3,5,1,,,,,,,,,,,
1091,2013,7,2,2,1,4,3,3,4,3,9,2,,,,,,,,,,,
1092,2013,7,2,1,2,6,6,1,8,6,5,1,,,,,,,,,,,
1093,2013,3,1,2,2,4,4,4,1,1,4,1,,,,,,,,,,,
1094,2013,6,3,2,1,4,5,5,4,3,4,2,,,,,,,,,,,
1095,2013,8,3,2,1,3,2,4,3,2,3,2,,,,,,,,,,,
1096,2013,7,2,1,2,4,4,3,4,3,3,2,,,,,,,,,,,
1097,2013,5,3,1,1,4,7,1,9,5,9,1,,,,,,,,,,,
1098,2013,6,2,2,1,3,3,2,2,3,3,4,,,,,,,,,,,
1099,2013,2,2,1,2,3,4,7,8,7,7,2,,,,,,,,,,,
1100,2013,6,3,2,1,1,1,1,6,2,6,1,,,,,,,,,,,
1101,2013,6,2,2,2,6,7,3,8,6,8,1,,,,,,,,,,,
1102,2013,9,3,1,1,1,6,5,4,4,5,2,,,,,,,,,,,
1103,2013,6,1,2,2,4,3,4,3,2,3,1,,,,,,,,,,,
1104,2013,8,2,2,2,4,4,4,3,2,2,2,,,,,,,,,,,
1105,2013,6,2,1,2,3,9,8,2,2,2,1,,,,,,,,,,,
1106,2013,4,1,2,2,5,6,1,9,9,9,1,,,,,,,,,,,
1107,2013,6,2,2,1,3,4,4,4,2,4,1,,,,,,,,,,,
1108,2013,8,3,1,1,5,3,4,3,2,3,2,,,,,,,,,,,
1109,2013,9,1,2,2,2,7,8,9,6,3,1,,,,,,,,,,,
1110,2013,6,1,2,-9,2,9,9,9,4,4,4,,,,,,,,,,,
1111,2013,7,2,2,1,6,9,6,3,2,3,2,,,,,,,,,,,
1112,2013,7,1,2,2,4,6,6,6,3,2,1,,,,,,,,,,,
1113,2013,8,2,1,2,3,6,4,7,3,6,1,,,,,,,,,,,
1114,2013,8,2,1,1,1,2,2,5,3,6,1,,,,,,,,,,,
1115,2013,7,3,1,1,2,5,5,9,3,3,3,,,,,,,,,,,
1116,2013,8,2,1,2,2,6,2,9,6,6,3,,,,,,,,,,,
1117,2013,5,3,2,2,4,5,4,9,8,8,2,,,,,,,,,,,
1118,2013,9,2,1,2,4,6,6,7,3,5,1,,,,,,,,,,,
1119,2013,9,2,2,2,3,4,1,5,3,6,2,,,,,,,,,,,
1120,2013,8,2,2,2,2,3,2,2,2,2,2,,,,,,,,,,,
1121,2013,7,2,1,2,5,5,2,2,3,4,1,,,,,,,,,,,
1122,2013,8,2,2,1,3,5,1,-9,-9,3,-9,,,,,,,,,,,
1123,2013,8,2,1,2,6,6,3,8,5,7,2,,,,,,,,,,,
1124,2013,6,2,1,2,3,9,2,9,9,9,1,,,,,,,,,,,
1125,2013,6,2,2,2,2,5,2,5,5,5,1,,,,,,,,,,,
1126,2013,6,2,1,1,3,2,2,5,3,4,1,,,,,,,,,,,
1127,2013,6,2,2,2,1,4,5,4,4,2,1,,,,,,,,,,,
1128,2013,5,2,1,2,4,5,2,9,3,5,1,,,,,,,,,,,
1129,2013,2,2,2,1,4,3,7,2,2,2,2,,,,,,,,,,,
1130,2013,8,2,2,1,4,3,5,6,3,4,1,,,,,,,,,,,
1131,2013,7,2,1,2,2,4,1,9,2,9,2,,,,,,,,,,,
1132,2013,7,2,1,2,2,4,1,2,2,2,1,,,,,,,,,,,
1133,2013,6,3,1,1,3,4,4,4,3,4,2,,,,,,,,,,,
1134,2013,8,1,2,1,4,6,6,7,4,6,1,,,,,,,,,,,
1135,2013,4,1,2,1,3,2,9,9,4,4,3,,,,,,,,,,,
1136,2013,2,2,2,2,6,7,4,7,7,7,7,,,,,,,,,,,
1137,2013,6,1,2,2,5,6,4,4,5,6,3,,,,,,,,,,,
1138,2013,9,2,2,1,3,3,5,3,2,3,2,,,,,,,,,,,
1139,2013,7,2,2,2,4,6,7,9,5,3,2,,,,,,,,,,,
1140,2013,7,1,2,2,5,6,2,5,5,5,5,,,,,,,,,,,
1141,2013,2,2,2,1,1,6,1,5,3,4,1,,,,,,,,,,,
1142,2013,8,1,1,2,6,7,8,8,5,8,3,,,,,,,,,,,
1143,2013,9,3,2,1,4,6,1,4,2,4,1,,,,,,,,,,,
1144,2013,9,2,2,2,5,5,1,1,2,4,1,,,,,,,,,,,
1145,2013,8,1,2,2,5,8,1,2,2,2,3,,,,,,,,,,,
1146,2013,6,2,1,1,8,4,9,9,5,8,5,,,,,,,,,,,
1147,2013,9,3,2,1,5,4,4,4,3,3,2,,,,,,,,,,,
1148,2013,7,2,2,2,2,2,5,6,3,4,1,,,,,,,,,,,
1149,2013,8,3,1,1,5,9,6,3,2,1,3,,,,,,,,,,,
1150,2013,8,1,2,2,3,4,3,2,2,2,2,,,,,,,,,,,
1151,2013,9,3,2,2,3,4,6,6,2,4,2,,,,,,,,,,,
1152,2013,7,1,1,2,3,6,3,4,4,4,3,,,,,,,,,,,
1153,2013,3,2,1,2,2,4,4,9,4,9,1,,,,,,,,,,,
1154,2013,7,2,2,1,5,7,5,3,4,5,6,,,,,,,,,,,
1155,2013,7,3,1,2,3,6,6,4,2,4,2,,,,,,,,,,,
1156,2013,9,2,1,1,5,5,5,2,2,3,1,,,,,,,,,,,
1157,2013,6,1,1,2,5,8,5,7,5,9,2,,,,,,,,,,,
1158,2013,9,3,2,2,4,6,1,9,3,6,2,,,,,,,,,,,
1159,2013,4,2,2,2,3,5,5,2,2,3,2,,,,,,,,,,,
1160,2013,7,3,1,2,2,2,3,4,5,1,1,,,,,,,,,,,
1161,2013,6,3,2,1,1,7,6,5,6,7,1,,,,,,,,,,,
1162,2013,9,2,1,2,4,3,3,9,4,9,2,,,,,,,,,,,
1163,2013,7,1,1,-9,3,3,3,2,2,3,3,,,,,,,,,,,
1164,2013,-9,3,2,1,3,5,6,6,3,6,1,,,,,,,,,,,
1165,2013,4,3,1,2,3,7,5,2,2,4,2,,,,,,,,,,,
1166,2013,7,1,1,1,3,9,5,3,2,6,1,,,,,,,,,,,
1167,2013,7,1,1,1,6,4,3,3,1,1,1,,,,,,,,,,,
1168,2013,9,1,2,1,1,1,1,1,1,1,1,,,,,,,,,,,
1169,2013,5,2,1,2,4,5,2,3,3,2,2,,,,,,,,,,,
1170,2013,5,2,1,2,5,9,9,9,4,8,2,,,,,,,,,,,
1171,2013,4,2,2,2,4,9,9,9,9,9,7,,,,,,,,,,,
1172,2013,8,2,2,1,4,3,5,3,2,2,1,,,,,,,,,,,
1173,2013,9,2,1,2,7,9,1,9,5,8,3,,,,,,,,,,,
1174,2013,9,2,1,2,3,6,1,5,2,5,1,,,,,,,,,,,
1175,2013,7,1,1,2,3,2,9,9,9,9,2,,,,,,,,,,,
1176,2013,6,1,2,1,6,3,3,2,2,3,1,,,,,,,,,,,
1177,2013,7,2,1,2,4,3,2,3,2,3,3,,,,,,,,,,,
1178,2013,5,3,2,1,6,9,4,9,6,9,3,,,,,,,,,,,
1179,2013,4,1,1,2,3,5,4,7,3,3,2,,,,,,,,,,,
1180,2013,9,2,2,1,4,3,5,3,2,2,2,,,,,,,,,,,
1181,2013,6,2,2,1,5,2,2,3,4,5,6,,,,,,,,,,,
1182,2013,7,2,2,1,-9,-9,-9,-9,-9,-9,-9,,,,,,,,,,,
1183,2013,7,2,1,2,2,6,2,1,1,3,1,,,,,,,,,,,
1184,2013,9,3,2,2,6,2,2,3,2,2,1,,,,,,,,,,,
1185,2013,5,1,1,2,3,8,9,9,4,9,1,,,,,,,,,,,
1186,2013,7,2,1,2,4,2,4,6,2,6,6,,,,,,,,,,,
1187,2013,9,3,1,1,6,5,1,3,3,6,2,,,,,,,,,,,
1188,2013,8,2,2,1,4,7,7,7,4,2,2,,,,,,,,,,,
1189,2013,8,1,2,2,1,1,1,3,1,5,1,,,,,,,,,,,
1190,2013,5,3,2,2,-9,-9,-9,-9,-9,-9,-9,,,,,,,,,,,
1191,2013,6,2,2,2,3,3,3,5,2,5,2,,,,,,,,,,,
1192,2013,8,2,2,2,4,5,3,2,2,3,1,,,,,,,,,,,
1193,2013,7,2,1,2,2,4,2,5,4,4,1,,,,,,,,,,,
1194,2013,6,2,1,1,3,9,9,1,1,1,3,,,,,,,,,,,
1195,2013,3,2,2,1,5,4,3,2,2,3,3,,,,,,,,,,,
1196,2013,5,2,1,2,3,5,4,3,2,3,1,,,,,,,,,,,
1197,2013,8,2,2,1,3,7,6,4,5,2,3,,,,,,,,,,,
1198,2013,4,1,2,-9,4,4,6,8,2,3,1,,,,,,,,,,,
1199,2013,7,1,2,2,3,5,2,8,5,6,3,,,,,,,,,,,
1200,2013,5,3,1,1,-9,5,8,3,3,3,6,,,,,,,,,,,
1201,2013,8,1,1,2,4,4,4,4,3,4,2,,,,,,,,,,,
1202,2013,8,2,2,1,4,5,6,6,3,4,2,,,,,,,,,,,
1203,2013,5,1,2,1,7,3,2,4,2,3,1,,,,,,,,,,,
1204,2013,6,2,1,1,3,5,6,4,3,1,2,,,,,,,,,,,
1205,2013,8,3,1,1,5,7,4,9,3,6,5,,,,,,,,,,,
1206,2013,8,3,1,1,3,4,3,8,5,1,2,,,,,,,,,,,
1207,2013,8,2,1,2,3,5,6,7,3,4,1,,,,,,,,,,,
1208,2013,5,3,1,2,4,9,2,9,4,9,2,,,,,,,,,,,
1209,2013,4,2,2,1,2,8,6,4,3,8,1,,,,,,,,,,,
1210,2013,6,2,1,1,1,4,7,8,2,2,1,,,,,,,,,,,
1211,2013,7,1,1,2,3,4,1,2,5,2,1,,,,,,,,,,,
1212,2013,8,2,1,1,5,5,2,3,2,4,1,,,,,,,,,,,
1213,2013,8,3,2,1,3,5,4,5,3,3,1,,,,,,,,,,,
1214,2013,7,1,2,1,5,4,5,4,2,3,1,,,,,,,,,,,
1215,2013,7,2,2,2,4,5,4,2,2,4,1,,,,,,,,,,,
1216,2013,8,1,2,2,5,6,9,9,5,9,1,,,,,,,,,,,
1217,2013,7,1,1,1,6,8,6,9,3,5,2,,,,,,,,,,,
1218,2013,9,3,2,1,3,4,9,1,2,2,1,,,,,,,,,,,
1219,2013,5,1,2,-9,4,7,6,7,5,5,4,,,,,,,,,,,
1220,2013,1,-9,2,1,-9,-9,-9,-9,-9,-9,-9,,,,,,,,,,,
1221,2013,6,3,2,1,-9,-9,-9,-9,-9,-9,-9,,,,,,,,,,,
1222,2013,8,2,2,1,5,4,6,3,2,2,1,,,,,,,,,,,
1223,2013,6,2,2,-9,3,1,4,5,2,2,1,,,,,,,,,,,
1224,2013,8,2,2,1,4,3,6,4,2,4,1,,,,,,,,,,,
1225,2013,9,2,1,1,-9,-9,-9,-9,-9,-9,-9,,,,,,,,,,,
1226,2013,9,1,2,2,5,4,4,5,3,3,1,,,,,,,,,,,
1227,2013,9,3,2,2,4,3,3,3,3,3,1,,,,,,,,,,,
1228,2013,8,3,2,1,4,2,6,1,2,1,1,,,,,,,,,,,
1229,2013,8,2,1,1,4,6,6,5,2,4,1,,,,,,,,,,,
1230,2013,9,3,2,1,3,6,5,2,2,1,1,,,,,,,,,,,
1231,2013,7,1,2,2,-9,-9,1,9,9,9,1,,,,,,,,,,,
1232,2013,5,2,2,2,4,4,5,9,7,4,3,,,,,,,,,,,
1233,2013,4,2,2,1,3,1,3,5,4,6,5,,,,,,,,,,,
1234,2013,5,2,2,1,5,3,1,5,4,2,2,,,,,,,,,,,
1235,2013,4,2,2,1,3,3,2,5,4,4,1,,,,,,,,,,,
1236,2013,9,2,2,2,5,6,2,7,4,7,2,,,,,,,,,,,
1237,2013,9,2,1,2,4,7,9,9,9,7,2,,,,,,,,,,,
1238,2013,9,2,1,2,5,9,3,6,2,1,3,,,,,,,,,,,
1239,2013,8,3,1,2,3,4,4,3,2,2,1,,,,,,,,,,,
1240,2013,9,2,2,2,-9,-9,-9,-9,-9,-9,-9,,,,,,,,,,,
1241,2013,5,2,2,2,2,5,5,7,4,1,1,,,,,,,,,,,
1242,2013,5,2,2,1,3,4,4,1,1,5,1,,,,,,,,,,,
1243,2013,8,1,2,-9,-9,-9,-9,-9,-9,-9,-9,,,,,,,,,,,
1244,2013,7,2,2,1,-9,-9,-9,-9,-9,-9,-9,,,,,,,,,,,
1245,2013,9,3,2,1,3,4,5,6,4,2,2,,,,,,,,,,,
1246,2013,5,1,1,2,2,4,6,7,6,6,5,,,,,,,,,,,
1247,2013,7,2,1,1,4,8,7,7,5,7,3,,,,,,,,,,,
1248,2013,6,1,1,2,3,6,6,9,9,8,1,,,,,,,,,,,
1249,2013,4,2,2,1,-9,-9,-9,-9,-9,-9,-9,,,,,,,,,,,
1250,2013,7,2,2,1,3,3,6,4,4,2,1,,,,,,,,,,,
1251,2013,8,2,2,2,1,9,3,9,2,5,2,,,,,,,,,,,
1252,2013,6,1,2,1,3,3,2,2,3,2,1,,,,,,,,,,,
1253,2013,5,2,2,2,5,9,9,9,7,9,3,,,,,,,,,,,
1254,2013,5,3,1,1,4,5,1,4,3,4,1,,,,,,,,,,,
1255,2013,7,2,2,1,-9,-9,-9,-9,-9,-9,-9,,,,,,,,,,,
1256,2013,9,3,1,2,3,4,3,7,4,4,1,,,,,,,,,,,
1257,2013,8,2,2,2,2,5,6,9,5,3,1,,,,,,,,,,,
1258,2013,9,2,2,1,1,9,6,6,6,6,4,,,,,,,,,,,
1259,2013,8,1,1,1,6,3,2,5,2,3,1,,,,,,,,,,,
1260,2013,5,2,2,1,5,4,3,3,3,3,1,,,,,,,,,,,
1261,2013,6,2,1,2,6,7,5,8,6,8,5,,,,,,,,,,,
1262,2013,8,2,2,1,3,4,3,3,2,2,2,,,,,,,,,,,
1263,2013,6,3,2,2,6,9,2,3,2,2,2,,,,,,,,,,,
1264,2013,9,3,1,2,3,4,5,7,3,2,2,,,,,,,,,,,
1265,2013,9,2,2,2,4,4,2,2,2,3,1,,,,,,,,,,,
1266,2013,4,2,2,1,4,3,4,4,5,3,1,,,,,,,,,,,
1267,2013,7,2,1,-9,5,5,1,1,1,1,1,,,,,,,,,,,
1268,2013,9,2,1,2,8,4,3,2,2,3,1,,,,,,,,,,,
1269,2013,9,1,1,1,3,5,5,4,3,4,1,,,,,,,,,,,
1270,2013,4,1,1,1,3,1,1,6,1,3,1,,,,,,,,,,,
1271,2013,5,3,2,1,1,1,1,1,1,1,1,,,,,,,,,,,
1272,2013,6,3,1,1,5,6,4,9,2,7,1,,,,,,,,,,,
1273,2013,5,1,1,2,9,9,9,3,1,9,1,,,,,,,,,,,
1274,2013,9,2,1,1,5,6,7,2,1,3,2,,,,,,,,,,,
1275,2013,7,3,1,2,7,6,1,8,4,8,1,,,,,,,,,,,
1276,2013,8,2,2,2,3,4,6,4,4,5,2,,,,,,,,,,,
1277,2013,4,2,2,1,4,5,4,5,2,4,1,,,,,,,,,,,
1278,2013,5,2,2,1,3,3,4,5,2,3,1,,,,,,,,,,,
1279,2013,8,2,1,1,4,4,2,3,2,3,2,,,,,,,,,,,
1280,2013,8,1,2,1,5,3,3,2,2,1,1,,,,,,,,,,,
1281,2013,2,2,2,1,-9,5,6,3,2,5,1,,,,,,,,,,,
1282,2013,6,2,1,2,3,5,2,9,6,6,3,,,,,,,,,,,
1283,2013,7,2,2,1,6,5,4,8,3,1,1,,,,,,,,,,,
1284,2013,5,2,1,1,3,3,4,3,3,3,1,,,,,,,,,,,
1285,2013,9,2,1,2,4,4,2,7,4,5,3,,,,,,,,,,,
1286,2013,9,3,1,1,4,5,2,4,4,4,3,,,,,,,,,,,
1287,2013,6,3,1,1,4,7,6,3,3,1,6,,,,,,,,,,,
1288,2013,7,2,2,2,5,5,6,8,4,8,1,,,,,,,,,,,
1289,2013,5,1,1,1,7,9,9,4,3,1,9,,,,,,,,,,,
1290,2013,6,1,2,1,4,6,6,7,4,6,1,,,,,,,,,,,
1291,2013,5,2,1,2,3,5,5,9,2,6,1,,,,,,,,,,,
1292,2013,7,3,1,2,3,4,2,3,2,2,2,,,,,,,,,,,
1293,2013,3,1,2,1,5,7,7,6,3,3,3,,,,,,,,,,,
1294,2013,8,2,2,2,4,3,5,4,2,3,2,,,,,,,,,,,
1295,2013,6,2,2,1,4,5,5,5,2,3,1,,,,,,,,,,,
1296,2013,9,2,2,1,3,4,4,9,5,5,3,,,,,,,,,,,
1297,2013,7,2,1,2,2,3,2,7,3,3,1,,,,,,,,,,,
1298,2013,9,3,2,1,6,4,4,3,2,2,1,,,,,,,,,,,
1299,2013,6,2,2,1,2,4,7,7,3,7,2,,,,,,,,,,,
1300,2013,9,2,2,1,5,6,2,5,2,4,1,,,,,,,,,,,
1301,2013,9,3,1,2,5,9,5,9,5,9,6,,,,,,,,,,,
1302,2013,6,2,1,1,3,9,4,2,2,2,1,,,,,,,,,,,
1303,2013,7,2,2,2,4,3,5,3,3,2,1,,,,,,,,,,,
1304,2013,3,2,2,2,2,4,4,9,3,4,2,,,,,,,,,,,
1305,2013,4,3,2,2,7,7,9,9,9,9,4,,,,,,,,,,,
1306,2013,7,2,2,2,4,7,1,9,5,3,1,,,,,,,,,,,
1307,2013,7,2,2,2,3,3,3,3,4,3,1,,,,,,,,,,,
1308,2013,3,1,2,1,2,5,5,2,2,2,2,,,,,,,,,,,
1309,2013,8,3,2,1,6,8,7,2,1,3,5,,,,,,,,,,,
1310,2013,8,2,2,2,3,6,5,5,2,3,1,,,,,,,,,,,
1311,2013,7,2,1,2,2,4,2,5,2,4,3,,,,,,,,,,,
1312,2013,1,1,2,1,1,8,7,9,3,6,1,,,,,,,,,,,
1313,2013,6,2,2,2,2,4,4,3,3,3,2,,,,,,,,,,,
1314,2013,4,2,1,1,5,6,3,6,4,5,3,,,,,,,,,,,
1315,2013,8,3,1,1,2,5,5,3,2,2,1,,,,,,,,,,,
1316,2013,7,3,2,1,2,6,3,7,3,6,2,,,,,,,,,,,
1317,2013,8,3,1,2,3,3,3,3,3,2,1,,,,,,,,,,,
1318,2013,8,2,1,2,6,5,6,7,4,4,5,,,,,,,,,,,
1319,2013,8,2,2,2,2,6,6,6,5,2,1,,,,,,,,,,,
1320,2013,7,2,1,1,1,9,9,9,1,9,1,,,,,,,,,,,
1321,2013,9,3,2,2,4,4,4,2,2,4,1,,,,,,,,,,,
1322,2013,3,2,2,1,3,4,3,8,5,5,2,,,,,,,,,,,
1323,2013,8,2,2,1,6,7,7,2,2,1,2,,,,,,,,,,,
1324,2013,8,3,1,2,6,9,3,9,1,3,1,,,,,,,,,,,
1325,2013,-9,2,-9,-9,-9,-9,-9,-9,-9,-9,-9,,,,,,,,,,,
1326,2013,4,2,2,2,4,5,5,9,4,7,2,,,,,,,,,,,
1327,2013,8,2,2,2,4,3,3,5,2,2,1,,,,,,,,,,,
1328,2013,8,2,2,2,3,5,6,3,2,5,1,,,,,,,,,,,
1329,2013,6,2,2,1,-9,-9,-9,-9,-9,-9,-9,,,,,,,,,,,
1330,2013,4,2,1,2,4,6,2,4,3,4,2,,,,,,,,,,,
1331,2013,9,2,1,2,4,2,5,5,1,2,1,,,,,,,,,,,
1332,2013,7,3,2,1,5,3,3,3,3,2,1,,,,,,,,,,,
1333,2013,7,1,2,1,-9,-9,-9,-9,-9,-9,-9,,,,,,,,,,,
1334,2013,9,1,1,2,5,3,1,6,3,6,3,,,,,,,,,,,
1335,2013,8,2,1,2,4,1,1,4,5,1,1,,,,,,,,,,,
1336,2013,5,2,1,2,4,7,7,7,5,8,3,,,,,,,,,,,
1337,2013,-9,2,1,2,4,2,3,6,4,6,6,,,,,,,,,,,
1338,2013,5,1,1,2,5,4,4,6,2,4,1,,,,,,,,,,,
1339,2013,-9,2,2,1,6,5,8,5,3,1,1,,,,,,,,,,,
1340,2013,3,2,2,1,4,6,4,3,5,5,1,,,,,,,,,,,
1341,2013,9,2,1,2,3,4,3,5,2,2,1,,,,,,,,,,,
1342,2013,6,2,1,1,5,5,9,9,9,9,9,,,,,,,,,,,
1343,2013,5,2,2,1,2,6,-9,-9,-9,-9,-9,,,,,,,,,,,
1344,2013,7,2,1,2,3,4,3,4,3,3,3,,,,,,,,,,,
1345,2013,9,3,1,1,8,8,8,8,2,7,1,,,,,,,,,,,
1346,2013,6,2,1,1,4,-9,-9,-9,-9,-9,-9,,,,,,,,,,,
1347,2013,8,3,1,1,-9,-9,-9,-9,-9,-9,-9,,,,,,,,,,,
1348,2013,7,2,1,1,-9,2,5,5,3,6,2,,,,,,,,,,,
1349,2013,9,2,1,1,7,6,4,5,2,4,1,,,,,,,,,,,
1350,2013,6,1,2,2,2,9,-9,-9,-9,-9,-9,,,,,,,,,,,
1351,2013,-9,1,1,1,-9,-9,-9,-9,-9,-9,-9,,,,,,,,,,,
1352,2013,5,3,1,1,2,9,-9,-9,-9,-9,-9,,,,,,,,,,,
1353,2013,5,2,-9,-9,3,7,7,9,8,7,6,,,,,,,,,,,
1354,2013,6,2,2,1,4,4,3,3,1,2,1,,,,,,,,,,,
1355,2013,8,2,1,2,-9,-9,-9,-9,-9,-9,-9,,,,,,,,,,,
1356,2013,8,2,2,1,-9,-9,-9,-9,-9,-9,-9,,,,,,,,,,,
1357,2013,-9,1,1,1,-9,-9,-9,-9,-9,-9,-9,,,,,,,,,,,
1358,2013,9,2,1,1,-9,-9,-9,-9,-9,-9,-9,,,,,,,,,,,
1359,2013,7,2,1,1,3,7,6,4,3,4,2,,,,,,,,,,,
1360,2013,-9,2,-9,-9,-9,-9,-9,-9,-9,-9,-9,,,,,,,,,,,
1361,2013,-9,2,1,2,-9,-9,-9,-9,-9,-9,-9,,,,,,,,,,,
1362,2013,7,2,1,2,3,5,4,5,1,2,2,,,,,,,,,,,
1363,2013,8,1,2,2,-9,-9,-9,-9,-9,-9,-9,,,,,,,,,,,
1364,2013,9,2,1,2,2,6,6,5,4,2,1,,,,,,,,,,,
1365,2013,7,2,1,-9,9,9,4,9,9,9,4,,,,,,,,,,,
1366,2013,4,1,1,2,-9,-9,-9,-9,-9,-9,-9,,,,,,,,,,,
1367,2013,6,3,2,1,-9,-9,-9,-9,-9,-9,-9,,,,,,,,,,,
1368,2013,5,2,1,2,-9,-9,-9,-9,-9,-9,-9,,,,,,,,,,,
1369,2013,7,2,1,2,-9,-9,-9,-9,-9,-9,-9,,,,,,,,,,,
1370,2013,9,2,2,1,-9,-9,-9,-9,-9,-9,-9,,,,,,,,,,,
1371,2013,7,2,2,2,-9,-9,-9,-9,-9,-9,-9,,,,,,,,,,,
1372,2013,6,2,2,2,-9,-9,-9,-9,-9,-9,-9,,,,,,,,,,,
1373,2013,-9,3,2,1,-9,-9,-9,-9,-9,-9,-9,,,,,,,,,,,
1374,2013,5,2,1,1,4,6,9,9,3,5,1,,,,,,,,,,,
1375,2013,-9,2,-9,-9,-9,-9,-9,-9,-9,-9,-9,,,,,,,,,,,
1376,2013,7,2,1,2,1,3,1,4,3,1,1,,,,,,,,,,,
1377,2013,9,3,1,2,-9,-9,-9,-9,-9,-9,-9,,,,,,,,,,,
1378,2013,9,2,1,1,4,7,6,3,2,2,1,,,,,,,,,,,
1379,2013,6,2,1,1,4,5,5,6,8,1,7,,,,,,,,,,,
1380,2013,9,2,2,1,4,3,3,6,2,4,2,,,,,,,,,,,
1381,2013,6,2,1,1,3,9,9,9,3,5,1,,,,,,,,,,,
1382,2013,9,2,1,2,2,3,3,2,2,1,1,,,,,,,,,,,
1383,2013,9,2,1,1,4,5,5,3,2,2,1,,,,,,,,,,,
1384,2013,5,3,1,1,-9,-9,-9,-9,-9,-9,-9,,,,,,,,,,,
1385,2013,6,2,2,1,4,5,6,5,1,4,1,,,,,,,,,,,
1386,2013,7,3,1,2,4,6,6,7,4,6,2,,,,,,,,,,,
1387,2013,9,1,1,2,4,4,4,3,3,4,2,,,,,,,,,,,
1388,2013,8,2,2,1,4,6,2,8,2,5,2,,,,,,,,,,,
1389,2013,9,2,2,2,4,7,7,6,3,5,2,,,,,,,,,,,
1390,2013,8,2,1,2,3,3,1,7,2,4,2,,,,,,,,,,,
1391,2013,8,2,1,2,4,7,9,9,7,8,7,,,,,,,,,,,
1392,2013,-9,1,2,1,-9,-9,-9,-9,-9,-9,-9,,,,,,,,,,,
1393,2013,8,2,1,2,4,6,2,7,2,6,2,,,,,,,,,,,
1394,2013,9,1,1,2,5,6,2,3,1,4,1,,,,,,,,,,,
1395,2013,5,2,1,1,2,5,4,5,3,3,1,,,,,,,,,,,
1396,2013,9,2,1,1,3,6,3,3,2,4,1,,,,,,,,,,,
1397,2013,9,2,1,1,4,6,5,7,2,5,2,,,,,,,,,,,
1398,2013,8,2,2,1,-9,-9,-9,-9,-9,-9,-9,,,,,,,,,,,
1399,2013,8,3,2,2,-9,-9,-9,-9,-9,-9,-9,,,,,,,,,,,
1400,2013,7,2,1,1,4,5,5,6,3,4,1,,,,,,,,,,,
1401,2013,4,2,1,1,3,5,1,3,3,1,1,,,,,,,,,,,
1402,2013,9,3,2,2,5,4,8,8,7,6,2,,,,,,,,,,,
1403,2013,4,2,2,1,-9,-9,-9,-9,-9,-9,-9,,,,,,,,,,,
1404,2013,7,2,1,2,3,7,7,7,5,7,3,,,,,,,,,,,
1405,2013,5,2,1,1,-9,-9,-9,-9,-9,-9,-9,,,,,,,,,,,
1406,2013,9,2,2,1,5,9,7,2,2,6,1,,,,,,,,,,,
1407,2013,9,2,1,-9,7,6,6,1,1,1,1,,,,,,,,,,,
1408,2013,7,1,2,2,4,5,3,9,3,9,2,,,,,,,,,,,
1409,2013,9,2,2,2,6,6,3,9,9,5,1,,,,,,,,,,,
1410,2013,9,2,1,1,4,6,4,4,3,2,1,,,,,,,,,,,
1411,2013,4,2,1,1,-9,-9,-9,-9,-9,-9,-9,,,,,,,,,,,
1412,2013,3,2,2,2,4,5,1,8,3,7,2,,,,,,,,,,,
1413,2013,6,2,2,1,-9,-9,-9,-9,-9,-9,-9,,,,,,,,,,,
1414,2013,9,3,1,1,2,2,5,7,3,5,2,,,,,,,,,,,
1415,2013,9,2,1,1,3,7,5,2,2,5,2,,,,,,,,,,,
1416,2013,-9,2,1,1,1,5,6,8,5,5,1,,,,,,,,,,,
1417,2013,7,1,1,2,5,2,3,4,1,2,1,,,,,,,,,,,
1418,2013,8,3,1,1,4,6,5,3,2,1,1,,,,,,,,,,,
1419,2013,8,2,1,1,1,2,5,5,1,2,1,,,,,,,,,,,
1420,2013,9,3,1,1,1,6,4,4,2,1,1,,,,,,,,,,,
1421,2013,7,2,2,1,2,2,6,8,2,4,1,,,,,,,,,,,
1422,2013,9,3,2,1,2,5,4,6,3,6,3,,,,,,,,,,,
1423,2013,7,1,2,2,2,6,6,2,1,4,1,,,,,,,,,,,
1424,2013,8,2,1,1,7,7,6,6,6,6,6,,,,,,,,,,,
1425,2013,-9,2,2,2,-9,-9,-9,-9,-9,-9,-9,,,,,,,,,,,
1426,2013,6,2,1,2,2,4,4,4,3,4,1,,,,,,,,,,,
1427,2013,7,2,1,2,-9,-9,-9,-9,-9,-9,-9,,,,,,,,,,,
1428,2013,9,2,1,-9,4,4,3,6,4,5,2,,,,,,,,,,,
1429,2013,9,2,2,2,3,5,1,4,2,4,2,,,,,,,,,,,
1430,2013,9,2,1,1,2,5,4,1,1,3,1,,,,,,,,,,,
1431,2013,8,2,2,1,3,5,5,4,2,4,2,,,,,,,,,,,
1432,2013,6,2,1,2,3,1,1,6,3,2,1,,,,,,,,,,,
1433,2013,6,2,1,1,-9,-9,-9,-9,-9,-9,-9,,,,,,,,,,,
1434,2013,6,2,1,1,4,4,3,5,1,3,3,,,,,,,,,,,
1435,2013,7,3,2,2,3,7,8,8,8,8,3,,,,,,,,,,,
1436,2013,6,3,2,2,-9,-9,-9,-9,-9,-9,-9,,,,,,,,,,,
1437,2013,6,3,2,1,2,6,2,9,2,8,1,,,,,,,,,,,
1438,2013,4,3,2,1,3,4,3,2,1,3,1,,,,,,,,,,,
1439,2013,8,2,1,1,4,7,5,9,3,9,3,,,,,,,,,,,
1440,2013,9,2,2,2,4,3,1,9,3,2,1,,,,,,,,,,,
1441,2013,8,2,2,1,5,7,6,6,3,3,2,,,,,,,,,,,
1442,2013,5,2,2,1,6,5,5,3,2,3,1,,,,,,,,,,,
1443,2013,-9,2,2,1,3,2,4,4,2,4,2,,,,,,,,,,,
1444,2013,3,2,1,1,1,1,1,3,2,2,1,,,,,,,,,,,
1445,2013,9,2,2,2,3,7,1,9,3,6,1,,,,,,,,,,,
1446,2013,7,2,2,-9,2,2,4,9,2,2,1,,,,,,,,,,,
1447,2013,4,2,2,1,2,6,4,4,5,3,1,,,,,,,,,,,
1448,2013,6,2,1,1,3,3,6,5,3,7,3,,,,,,,,,,,
1449,2013,6,3,2,1,3,8,4,8,8,8,2,,,,,,,,,,,
1450,2013,8,3,2,2,3,3,3,4,3,4,2,,,,,,,,,,,
1451,2013,9,2,1,2,5,2,3,5,3,2,1,,,,,,,,,,,
1452,2013,9,2,2,2,6,6,6,3,3,3,1,,,,,,,,,,,
1453,2013,8,2,2,2,4,4,4,3,3,3,1,,,,,,,,,,,
1454,2013,8,2,2,2,4,6,4,4,2,4,1,,,,,,,,,,,
1455,2013,9,2,2,2,3,6,1,4,4,4,1,,,,,,,,,,,
1456,2013,8,3,2,2,2,5,2,4,3,4,2,,,,,,,,,,,
1457,2013,7,1,2,2,2,6,5,7,5,6,3,,,,,,,,,,,
1458,2013,2,2,2,1,1,9,2,9,6,8,1,,,,,,,,,,,
1459,2013,6,2,-9,-9,3,4,4,4,3,2,3,,,,,,,,,,,
1460,2013,7,2,1,2,4,7,1,7,3,5,1,,,,,,,,,,,
1461,2013,8,2,2,1,1,5,2,4,2,4,3,,,,,,,,,,,
1462,2013,-9,3,2,1,4,4,5,9,7,7,6,,,,,,,,,,,
1463,2013,6,2,2,1,3,3,5,5,5,5,2,,,,,,,,,,,
1464,2013,6,2,2,2,3,1,3,8,3,3,1,,,,,,,,,,,
1465,2013,6,2,2,2,1,6,4,4,4,4,1,,,,,,,,,,,
1466,2013,7,3,2,1,6,3,1,7,5,6,1,,,,,,,,,,,
1467,2013,-9,2,2,2,2,5,1,5,2,4,1,,,,,,,,,,,
1468,2013,9,3,2,1,2,5,5,3,2,3,1,,,,,,,,,,,
1469,2013,8,3,1,2,3,6,3,4,1,4,3,,,,,,,,,,,
1470,2013,8,2,2,2,6,9,3,5,2,8,2,,,,,,,,,,,
1471,2013,-9,3,-9,-9,-9,-9,-9,-9,-9,-9,-9,,,,,,,,,,,
1472,2013,5,2,2,2,3,5,4,3,2,3,1,,,,,,,,,,,
1473,2013,7,2,1,2,2,9,9,9,2,2,2,,,,,,,,,,,
1474,2013,5,2,1,1,-9,-9,-9,-9,-9,-9,-9,,,,,,,,,,,
1475,2013,9,3,1,2,4,4,4,4,2,3,1,,,,,,,,,,,
1476,2013,7,2,2,2,-9,-9,-9,-9,-9,-9,-9,,,,,,,,,,,
1477,2013,6,2,2,1,4,1,1,2,2,1,2,,,,,,,,,,,
1478,2013,9,2,2,2,-9,-9,-9,-9,-9,-9,-9,,,,,,,,,,,
1479,2013,9,2,2,1,5,3,4,4,2,3,1,,,,,,,,,,,
1480,2013,6,1,2,2,4,4,3,9,9,9,7,,,,,,,,,,,
1481,2013,9,2,2,2,3,2,1,5,5,5,1,,,,,,,,,,,
1482,2013,8,2,2,2,5,3,4,4,5,5,2,,,,,,,,,,,
1483,2013,-9,-9,-9,-9,-9,-9,-9,-9,-9,-9,-9,,,,,,,,,,,
1484,2013,5,2,1,2,6,6,5,5,5,5,5,,,,,,,,,,,
1485,2013,9,2,2,1,1,1,2,2,2,2,2,,,,,,,,,,,
1486,2013,9,1,2,1,4,6,7,6,9,6,1,,,,,,,,,,,
1487,2013,9,2,2,2,-9,-9,-9,-9,-9,-9,-9,,,,,,,,,,,
1488,2013,6,2,2,1,-9,-9,-9,-9,-9,-9,-9,,,,,,,,,,,
1489,2013,7,2,2,2,3,4,6,7,5,3,1,,,,,,,,,,,
1490,2013,9,2,1,2,4,4,2,9,7,3,1,,,,,,,,,,,
1491,2013,9,3,2,2,4,5,4,2,3,3,3,,,,,,,,,,,
1492,2013,4,2,2,1,1,3,7,4,2,4,2,,,,,,,,,,,
1493,2013,-9,1,-9,-9,-9,-9,-9,-9,-9,-9,-9,,,,,,,,,,,
1494,2013,8,2,1,1,3,9,9,2,2,3,2,,,,,,,,,,,
1495,2013,6,2,1,1,4,2,9,2,2,3,6,,,,,,,,,,,
1496,2013,4,2,1,2,3,3,3,5,5,2,3,,,,,,,,,,,
1497,2013,6,2,1,2,3,4,1,9,7,6,2,,,,,,,,,,,
1498,2013,9,2,2,1,5,5,5,4,4,1,3,,,,,,,,,,,
1499,2013,9,2,2,2,3,5,1,4,1,3,1,,,,,,,,,,,
1500,2013,8,2,2,2,4,6,3,5,3,4,2,,,,,,,,,,,
1501,2013,8,3,2,1,2,7,7,4,2,7,1,,,,,,,,,,,
1502,2013,7,2,1,2,3,9,9,9,6,9,1,,,,,,,,,,,
1503,2013,9,2,1,2,4,3,1,4,3,4,1,,,,,,,,,,,
1504,2013,7,2,2,1,6,6,5,3,2,4,1,,,,,,,,,,,
1505,2013,8,2,2,1,2,2,4,6,3,3,1,,,,,,,,,,,
1506,2013,8,2,1,2,9,3,5,4,5,2,2,,,,,,,,,,,
1507,2013,6,2,1,2,5,4,1,2,3,3,1,,,,,,,,,,,
1508,2013,9,2,1,2,9,6,6,7,3,5,2,,,,,,,,,,,
1509,2013,9,2,2,2,5,3,1,6,4,5,2,,,,,,,,,,,
1510,2013,3,2,2,1,8,5,8,9,7,5,1,,,,,,,,,,,
1511,2013,7,3,2,1,9,4,2,3,2,3,1,,,,,,,,,,,
1512,2013,6,3,2,1,6,5,4,6,5,2,1,,,,,,,,,,,
1513,2013,4,1,2,2,7,6,5,6,3,4,1,,,,,,,,,,,
1514,2013,9,2,2,2,9,3,3,4,4,3,1,,,,,,,,,,,
1515,2013,7,2,2,1,5,4,4,2,2,3,2,,,,,,,,,,,
1516,2013,8,2,2,2,-9,-9,-9,-9,-9,-9,-9,,,,,,,,,,,
1517,2013,5,3,2,1,1,7,8,8,2,8,8,,,,,,,,,,,
1518,2013,-9,2,-9,-9,-9,-9,-9,-9,-9,-9,-9,,,,,,,,,,,
1519,2013,8,3,1,2,3,3,2,4,2,3,1,,,,,,,,,,,
1520,2013,9,1,2,2,-9,-9,-9,-9,-9,-9,-9,,,,,,,,,,,
1521,2013,5,2,2,1,-9,-9,-9,-9,-9,-9,-9,,,,,,,,,,,
1522,2013,8,2,2,1,2,3,3,3,3,3,1,,,,,,,,,,,
1523,2013,6,2,1,2,6,9,7,9,9,9,9,,,,,,,,,,,
1524,2013,7,2,2,1,4,6,5,5,2,6,1,,,,,,,,,,,
1525,2013,3,2,2,2,-9,-9,-9,-9,-9,-9,-9,,,,,,,,,,,
1526,2013,6,3,1,2,1,5,5,6,5,6,1,,,,,,,,,,,
1527,2013,8,1,2,1,3,9,9,9,3,6,6,,,,,,,,,,,
1528,2013,8,2,2,2,2,2,2,6,3,2,1,,,,,,,,,,,
1529,2013,8,2,1,2,3,6,6,6,5,6,6,,,,,,,,,,,
1530,2013,8,3,2,2,3,5,5,6,3,4,2,,,,,,,,,,,
1531,2013,7,2,2,1,-9,-9,-9,-9,-9,-9,-9,,,,,,,,,,,
1532,2013,5,1,2,2,1,2,4,4,2,2,1,,,,,,,,,,,
1533,2013,7,2,2,2,3,9,3,9,6,9,4,,,,,,,,,,,
1534,2013,2,2,1,-9,-9,-9,-9,-9,-9,-9,-9,,,,,,,,,,,
1535,2013,-9,2,2,1,-9,-9,-9,-9,-9,-9,-9,,,,,,,,,,,
1536,2013,7,1,1,2,2,7,6,9,2,5,1,,,,,,,,,,,
1537,2013,8,2,1,2,2,9,3,9,5,9,2,,,,,,,,,,,
1538,2013,5,1,2,2,-9,-9,-9,-9,-9,-9,-9,,,,,,,,,,,
1539,2013,5,2,2,2,3,3,3,5,4,2,1,,,,,,,,,,,
1540,2013,6,3,2,1,1,1,4,4,4,5,1,,,,,,,,,,,
1541,2013,7,2,1,1,-9,-9,-9,-9,-9,-9,-9,,,,,,,,,,,
1542,2013,8,2,2,1,2,7,7,3,2,3,1,,,,,,,,,,,
1543,2013,-9,1,2,1,-9,2,1,8,6,7,3,,,,,,,,,,,
1544,2013,8,2,1,1,-9,-9,-9,-9,-9,-9,-9,,,,,,,,,,,
1545,2013,5,2,1,1,-9,-9,-9,-9,-9,-9,-9,,,,,,,,,,,
1546,2013,9,2,2,2,-9,-9,-9,-9,-9,-9,-9,,,,,,,,,,,
1547,2013,8,2,-9,-9,3,5,5,7,2,4,1,,,,,,,,,,,
1548,2013,3,2,1,2,4,9,9,9,9,9,6,,,,,,,,,,,
1549,2013,-9,2,2,1,-9,-9,-9,-9,-9,-9,-9,,,,,,,,,,,
1550,2013,-9,1,-9,-9,-9,-9,-9,-9,-9,-9,-9,,,,,,,,,,,
1551,2013,8,2,2,1,-9,-9,-9,-9,-9,-9,-9,,,,,,,,,,,
1552,2013,3,3,1,1,-9,-9,-9,-9,-9,-9,-9,,,,,,,,,,,
1553,2013,9,3,2,1,-9,-9,-9,-9,-9,-9,-9,,,,,,,,,,,
1554,2013,6,3,2,2,4,4,3,2,1,3,1,,,,,,,,,,,
1555,2013,-9,-9,-9,-9,-9,-9,-9,-9,-9,-9,-9,,,,,,,,,,,
1556,2013,4,2,2,1,2,2,2,3,1,3,1,,,,,,,,,,,
1557,2013,6,2,2,2,2,6,1,2,2,5,1,,,,,,,,,,,
1558,2013,3,2,2,2,-9,-9,-9,-9,-9,-9,-9,,,,,,,,,,,
1559,2013,9,2,1,2,3,4,1,2,1,4,1,,,,,,,,,,,
1560,2013,6,2,2,2,3,7,1,6,2,6,2,,,,,,,,,,,
1561,2013,7,2,2,2,4,5,8,9,3,7,1,,,,,,,,,,,
1562,2013,9,3,1,2,2,4,1,6,2,3,1,,,,,,,,,,,
1563,2013,7,2,1,2,2,2,5,5,3,5,1,,,,,,,,,,,
1564,2013,6,3,2,2,1,3,3,3,3,3,1,,,,,,,,,,,
1565,2013,9,2,2,1,3,4,1,6,4,4,3,,,,,,,,,,,
1566,2013,9,2,1,2,3,5,2,7,3,6,1,,,,,,,,,,,
1567,2013,3,2,2,1,2,4,3,9,1,9,1,,,,,,,,,,,
1568,2013,9,1,2,1,4,4,4,3,2,4,4,,,,,,,,,,,
1569,2013,7,2,1,2,4,5,5,6,3,6,1,,,,,,,,,,,
1570,2013,7,2,2,1,4,5,4,9,2,3,1,,,,,,,,,,,
1571,2013,5,2,2,1,6,2,4,1,1,4,1,,,,,,,,,,,
1572,2013,6,2,2,1,3,4,9,9,9,6,3,,,,,,,,,,,
1573,2013,8,3,1,2,3,7,6,9,2,2,1,,,,,,,,,,,
1574,2013,9,2,2,2,5,3,2,4,2,2,1,,,,,,,,,,,
1575,2013,9,2,2,2,4,2,2,9,5,5,1,,,,,,,,,,,
1576,2013,5,2,2,1,3,3,4,1,2,1,1,,,,,,,,,,,
1577,2013,6,2,2,1,2,4,8,6,3,3,1,,,,,,,,,,,
1578,2013,9,2,1,1,4,4,3,4,4,3,1,,,,,,,,,,,
1579,2013,4,2,2,1,-9,-9,-9,-9,-9,-9,-9,,,,,,,,,,,
1580,2013,7,2,2,1,4,7,7,4,4,3,2,,,,,,,,,,,
1581,2013,9,2,1,2,5,4,6,4,3,5,1,,,,,,,,,,,
1582,2013,9,3,2,2,6,4,3,2,2,4,2,,,,,,,,,,,
1583,2013,8,2,2,2,4,5,9,9,8,1,4,,,,,,,,,,,
1584,2013,8,2,1,2,6,8,1,9,6,8,1,,,,,,,,,,,
1585,2013,9,1,1,1,2,2,2,2,2,1,1,,,,,,,,,,,
1586,2013,9,3,1,1,5,7,6,5,5,4,1,,,,,,,,,,,
1587,2013,6,2,1,2,5,6,5,4,3,6,2,,,,,,,,,,,
1588,2013,8,2,2,1,5,5,3,6,6,7,1,,,,,,,,,,,
1589,2013,6,2,2,1,5,3,2,8,4,3,2,,,,,,,,,,,
1590,2013,7,2,2,2,6,7,9,5,3,7,1,,,,,,,,,,,
1591,2013,7,3,2,1,2,3,5,5,6,2,6,,,,,,,,,,,
1592,2013,3,3,2,-9,4,5,2,3,5,4,6,,,,,,,,,,,
1593,2013,9,2,1,1,4,3,3,3,2,2,1,,,,,,,,,,,
1594,2013,6,1,1,1,1,7,3,9,5,4,2,,,,,,,,,,,
1595,2013,7,2,2,2,4,7,4,5,5,5,3,,,,,,,,,,,
1596,2013,5,1,2,1,4,7,7,9,3,2,1,,,,,,,,,,,
1597,2013,9,1,2,1,1,6,6,6,2,1,2,,,,,,,,,,,
1598,2013,6,2,1,2,4,4,8,8,3,7,1,,,,,,,,,,,
1599,2013,9,2,-9,-9,2,4,1,4,1,4,1,,,,,,,,,,,
1600,2013,8,3,2,1,2,9,3,9,5,8,2,,,,,,,,,,,
1601,2013,7,3,2,2,2,9,9,4,3,7,7,,,,,,,,,,,
1602,2013,8,2,1,2,2,4,4,4,3,3,1,,,,,,,,,,,
1603,2013,9,1,2,2,5,4,4,1,3,4,2,,,,,,,,,,,
1604,2013,6,2,1,-9,3,4,6,9,4,5,1,,,,,,,,,,,
1605,2013,7,2,1,2,2,7,9,9,3,6,1,,,,,,,,,,,
1606,2013,4,3,2,-9,2,2,4,5,2,2,2,,,,,,,,,,,
1607,2013,2,2,2,1,1,4,2,3,2,3,1,,,,,,,,,,,
1608,2013,9,2,2,1,3,2,4,5,2,3,1,,,,,,,,,,,
1609,2013,9,2,2,2,5,6,7,9,9,9,3,,,,,,,,,,,
1610,2013,9,3,1,2,3,4,2,4,3,4,1,,,,,,,,,,,
1611,2013,6,2,2,2,2,1,1,9,5,6,1,,,,,,,,,,,
1612,2013,9,2,2,2,2,3,7,6,1,4,1,,,,,,,,,,,
1613,2013,6,1,2,1,6,6,4,6,5,2,2,,,,,,,,,,,
1614,2013,8,2,1,2,5,6,8,9,9,9,1,,,,,,,,,,,
1615,2013,7,3,2,1,4,4,-9,4,2,2,-9,,,,,,,,,,,
1616,2013,9,2,2,2,5,3,3,6,3,3,1,,,,,,,,,,,
1617,2013,6,2,2,1,8,6,6,6,4,6,4,,,,,,,,,,,
1618,2013,8,2,2,2,3,3,1,5,2,4,2,,,,,,,,,,,
1619,2013,7,3,1,2,7,3,4,4,2,3,1,,,,,,,,,,,
1620,2013,9,1,2,2,3,5,2,4,2,5,1,,,,,,,,,,,
1621,2013,9,2,2,2,3,3,9,9,9,9,9,,,,,,,,,,,
1622,2013,8,1,1,1,4,5,1,9,9,9,-9,,,,,,,,,,,
1623,2013,9,3,1,2,3,5,3,3,3,3,1,,,,,,,,,,,
1624,2013,7,2,2,2,1,9,6,9,6,9,1,,,,,,,,,,,
1625,2013,7,2,1,2,1,7,7,8,1,7,2,,,,,,,,,,,
1626,2013,3,2,1,1,3,3,5,9,5,8,1,,,,,,,,,,,
1627,2013,5,1,1,2,4,9,1,9,3,7,1,,,,,,,,,,,
1628,2013,8,2,2,1,4,4,6,5,2,2,2,,,,,,,,,,,
1629,2013,8,2,1,2,6,8,5,4,4,6,1,,,,,,,,,,,
1630,2013,8,2,1,1,1,7,7,9,2,9,1,,,,,,,,,,,
1631,2013,6,1,2,1,4,9,3,9,5,8,1,,,,,,,,,,,
1632,2013,8,2,-9,-9,-9,9,-9,-9,-9,-9,-9,,,,,,,,,,,
1633,2013,9,2,2,2,5,3,8,8,2,8,1,,,,,,,,,,,
1634,2013,9,2,2,2,9,5,5,9,3,2,1,,,,,,,,,,,
1635,2013,4,1,1,2,1,6,6,4,1,2,1,,,,,,,,,,,
1636,2013,9,2,2,1,6,6,5,4,3,2,1,,,,,,,,,,,
1637,2013,4,3,1,1,2,6,6,8,3,6,1,,,,,,,,,,,
1638,2013,9,2,2,2,4,3,4,9,4,3,1,,,,,,,,,,,
1639,2013,6,1,2,1,1,6,4,6,3,6,1,,,,,,,,,,,
1640,2013,8,2,2,2,1,1,2,7,8,2,1,,,,,,,,,,,
1641,2013,2,2,1,2,3,5,4,4,5,5,2,,,,,,,,,,,
1642,2013,8,1,1,1,6,5,6,2,2,1,1,,,,,,,,,,,
1643,2013,9,3,1,2,-9,-9,-9,-9,-9,-9,-9,,,,,,,,,,,
1644,2013,7,2,2,2,5,9,9,9,7,9,4,,,,,,,,,,,
1645,2013,9,3,1,2,3,4,7,9,7,9,1,,,,,,,,,,,
1646,2013,8,2,2,1,1,1,5,6,7,6,1,,,,,,,,,,,
1647,2013,1,2,2,1,2,6,4,1,1,1,1,,,,,,,,,,,
1648,2013,8,2,2,2,3,5,3,4,3,3,1,,,,,,,,,,,
1649,2013,8,1,2,2,4,6,5,4,1,2,1,,,,,,,,,,,
1650,2013,8,2,2,1,2,8,7,9,5,8,2,,,,,,,,,,,
1651,2013,7,3,2,1,6,8,9,9,9,9,9,,,,,,,,,,,
1652,2013,3,2,1,1,2,5,5,6,5,5,2,,,,,,,,,,,
1653,2013,4,2,2,1,-9,-9,-9,-9,-9,-9,-9,,,,,,,,,,,
1654,2013,6,2,2,2,1,7,7,7,4,7,2,,,,,,,,,,,
1655,2013,5,2,1,2,2,3,3,3,2,3,2,,,,,,,,,,,
1656,2013,9,2,2,2,4,5,3,4,2,3,2,,,,,,,,,,,
1657,2013,9,2,2,1,4,7,5,8,2,9,1,,,,,,,,,,,
1658,2013,9,2,2,2,6,4,1,2,1,3,1,,,,,,,,,,,
1659,2013,9,2,1,1,5,6,7,3,3,1,1,,,,,,,,,,,
1660,2013,7,3,1,1,3,5,5,8,7,6,1,,,,,,,,,,,
1661,2013,9,3,2,1,5,6,4,4,2,3,2,,,,,,,,,,,
1662,2013,3,2,2,2,1,4,9,9,2,5,1,,,,,,,,,,,
1663,2013,7,2,1,1,2,4,7,3,2,2,2,,,,,,,,,,,
1664,2013,9,1,1,2,4,6,1,6,3,6,1,,,,,,,,,,,
1665,2013,6,2,1,2,4,3,2,6,4,2,2,,,,,,,,,,,
1666,2013,8,3,2,2,4,5,1,2,2,4,2,,,,,,,,,,,
1667,2013,8,-9,2,1,5,4,7,7,4,7,1,,,,,,,,,,,
1668,2013,6,2,2,2,4,7,1,7,5,5,3,,,,,,,,,,,
1669,2013,7,2,1,2,5,6,5,5,2,4,4,,,,,,,,,,,
1670,2013,9,3,1,2,6,6,1,3,3,4,1,,,,,,,,,,,
1671,2013,7,2,1,1,4,5,5,6,3,5,2,,,,,,,,,,,
1672,2013,4,3,2,1,4,6,1,9,7,8,2,,,,,,,,,,,
1673,2013,9,3,2,1,3,4,4,5,4,1,2,,,,,,,,,,,
1674,2013,6,2,1,1,3,2,3,4,2,2,1,,,,,,,,,,,
1675,2013,5,3,2,1,6,4,3,2,2,2,1,,,,,,,,,,,
1676,2013,6,2,2,2,3,6,4,7,3,6,2,,,,,,,,,,,
1677,2013,6,2,1,2,4,6,3,7,5,6,5,,,,,,,,,,,
1678,2013,8,2,1,2,3,8,5,9,4,7,4,,,,,,,,,,,
1679,2013,6,2,2,2,3,4,5,6,2,6,1,,,,,,,,,,,
1680,2013,7,2,2,2,9,6,4,9,8,9,2,,,,,,,,,,,
1681,2013,-9,2,1,2,3,7,9,6,3,9,2,,,,,,,,,,,
1682,2013,9,3,2,1,3,2,4,5,6,6,2,,,,,,,,,,,
1683,2013,4,2,2,1,-9,7,1,1,1,1,-9,,,,,,,,,,,
1684,2013,7,2,2,1,3,2,4,6,3,2,2,,,,,,,,,,,
1685,2013,6,1,2,2,4,5,5,2,1,5,1,,,,,,,,,,,
1686,2013,9,2,2,1,8,3,3,2,2,3,1,,,,,,,,,,,
1687,2013,8,1,2,1,2,7,8,4,1,6,1,,,,,,,,,,,
1688,2013,6,2,2,2,4,4,5,8,2,3,1,,,,,,,,,,,
1689,2013,5,2,-9,-9,2,6,2,8,8,9,1,,,,,,,,,,,
1690,2013,5,2,2,1,1,7,9,9,2,9,1,,,,,,,,,,,
1691,2013,4,2,1,2,2,8,8,8,2,8,1,,,,,,,,,,,
1692,2013,7,2,2,1,4,5,9,9,3,4,1,,,,,,,,,,,
1693,2013,4,3,2,2,3,4,4,5,3,4,1,,,,,,,,,,,
1694,2013,9,2,1,2,3,3,4,9,2,5,1,,,,,,,,,,,
1695,2013,7,3,2,2,9,8,9,9,4,9,2,,,,,,,,,,,
1696,2013,4,2,1,1,4,7,7,1,1,3,1,,,,,,,,,,,
1697,2013,8,2,2,1,1,9,6,1,1,4,1,,,,,,,,,,,
1698,2013,2,2,1,2,4,8,8,3,2,8,1,,,,,,,,,,,
1699,2013,8,2,2,1,4,9,4,6,4,6,5,,,,,,,,,,,
1700,2013,8,2,2,1,9,7,5,4,2,5,1,,,,,,,,,,,
1701,2013,7,2,1,2,2,2,2,2,2,2,1,,,,,,,,,,,
1702,2013,6,3,1,1,1,4,3,9,5,9,1,,,,,,,,,,,
1703,2013,8,2,2,1,4,6,7,7,3,7,1,,,,,,,,,,,
1704,2013,9,1,2,1,-9,-9,-9,-9,-9,-9,-9,,,,,,,,,,,
1705,2013,5,2,2,1,-9,-9,-9,-9,-9,-9,-9,,,,,,,,,,,
1706,2013,6,2,2,2,2,3,3,3,2,3,2,,,,,,,,,,,
1707,2013,7,1,2,2,6,5,9,9,8,9,3,,,,,,,,,,,
1708,2013,6,1,2,2,3,6,7,7,1,3,2,,,,,,,,,,,
1709,2013,7,2,2,2,4,6,4,3,3,5,3,,,,,,,,,,,
1710,2013,-9,3,2,1,-9,-9,-9,-9,-9,-9,-9,,,,,,,,,,,
1711,2013,-9,2,-9,-9,-9,-9,-9,-9,-9,-9,-9,,,,,,,,,,,
1712,2013,5,2,2,1,1,9,7,5,1,1,8,,,,,,,,,,,
1713,2013,5,2,2,2,3,4,9,9,9,9,9,,,,,,,,,,,
1714,2013,7,2,2,2,3,3,6,4,2,2,1,,,,,,,,,,,
1715,2013,6,2,1,1,2,6,6,7,6,6,4,,,,,,,,,,,
1716,2013,6,2,2,1,2,6,5,9,2,3,2,,,,,,,,,,,
1717,2013,-9,2,1,1,-9,-9,-9,-9,-9,-9,-9,,,,,,,,,,,
1718,2013,3,2,2,1,5,6,7,9,4,7,4,,,,,,,,,,,
1719,2013,6,2,1,1,4,5,3,4,3,4,1,,,,,,,,,,,
1720,2013,6,2,2,1,3,3,5,4,2,2,3,,,,,,,,,,,
1721,2013,7,2,2,1,5,6,6,9,3,1,1,,,,,,,,,,,
1722,2013,3,2,2,1,3,7,6,6,3,3,4,,,,,,,,,,,
1723,2013,8,1,2,2,3,4,7,6,5,4,1,,,,,,,,,,,
1724,2013,9,2,1,2,2,3,3,2,1,2,1,,,,,,,,,,,
1725,2013,8,2,2,2,-9,-9,-9,-9,-9,-9,-9,,,,,,,,,,,
1726,2013,3,1,2,1,1,5,2,5,2,4,1,,,,,,,,,,,
1727,2013,4,1,1,2,7,2,9,9,6,8,7,,,,,,,,,,,
1728,2013,7,2,2,1,-9,-9,-9,-9,-9,-9,-9,,,,,,,,,,,
1729,2013,5,3,2,2,3,4,4,6,2,4,1,,,,,,,,,,,
1730,2013,7,1,1,2,4,2,4,3,2,3,1,,,,,,,,,,,
1731,2013,4,2,2,1,1,6,7,9,6,9,2,,,,,,,,,,,
1732,2013,6,2,2,2,4,5,3,1,1,4,1,,,,,,,,,,,
1733,2013,5,3,1,1,3,1,6,8,2,8,1,,,,,,,,,,,
1734,2013,5,2,2,1,7,7,7,6,5,6,1,,,,,,,,,,,
1735,2013,9,2,1,2,3,7,9,8,2,5,1,,,,,,,,,,,
1736,2013,9,1,2,2,6,7,3,7,3,7,3,,,,,,,,,,,
1737,2013,7,2,1,2,5,7,7,9,9,9,2,,,,,,,,,,,
1738,2013,5,2,2,1,1,9,6,9,3,9,1,,,,,,,,,,,
1739,2013,4,1,1,2,5,7,5,7,2,3,2,,,,,,,,,,,
1740,2013,9,1,1,2,6,4,2,5,3,4,1,,,,,,,,,,,
1741,2013,5,3,2,1,5,4,2,3,2,5,1,,,,,,,,,,,
1742,2013,-9,3,-9,-9,-9,-9,-9,-9,-9,-9,-9,,,,,,,,,,,
1743,2013,9,1,2,1,-9,-9,-9,-9,-9,-9,-9,,,,,,,,,,,
1744,2013,-9,2,-9,-9,-9,-9,-9,-9,-9,-9,-9,,,,,,,,,,,
1745,2013,-9,3,2,1,-9,-9,-9,-9,-9,-9,-9,,,,,,,,,,,
1746,2013,-9,2,2,2,-9,-9,-9,-9,-9,-9,-9,,,,,,,,,,,
1747,2013,-9,3,-9,-9,-9,-9,-9,-9,-9,-9,-9,,,,,,,,,,,
1748,2013,4,2,2,2,1,1,1,1,1,1,1,,,,,,,,,,,
1749,2013,-9,3,-9,-9,-9,-9,-9,-9,-9,-9,-9,,,,,,,,,,,
1750,2013,7,2,1,-9,3,4,3,4,3,4,4,,,,,,,,,,,
1751,2013,6,2,1,1,-9,-9,-9,-9,-9,-9,-9,,,,,,,,,,,
1752,2013,3,2,2,1,4,3,3,9,6,4,4,,,,,,,,,,,
1753,2013,-9,2,1,1,-9,-9,-9,-9,-9,-9,-9,,,,,,,,,,,
1754,2013,9,3,1,1,6,5,5,7,3,3,1,,,,,,,,,,,
1755,2013,9,3,2,1,2,7,7,9,4,7,5,,,,,,,,,,,
1756,2013,9,2,2,1,-9,-9,-9,-9,-9,-9,-9,,,,,,,,,,,
1757,2013,1,1,2,1,1,1,5,5,5,5,5,,,,,,,,,,,
1758,2013,6,2,1,2,4,4,1,3,3,4,1,,,,,,,,,,,
1759,2013,8,1,2,1,-9,-9,-9,-9,-9,-9,-9,,,,,,,,,,,
1760,2013,6,3,1,1,4,6,-9,-9,-9,-9,-9,,,,,,,,,,,
1761,2013,9,2,1,2,-9,-9,-9,-9,-9,-9,-9,,,,,,,,,,,
1762,2013,9,3,1,2,2,6,3,6,3,6,3,,,,,,,,,,,
1763,2013,4,-9,2,1,1,1,5,3,3,3,1,,,,,,,,,,,
1764,2013,2,2,-9,-9,1,1,8,1,1,1,1,,,,,,,,,,,
1765,2013,4,2,2,1,2,3,1,3,2,1,1,,,,,,,,,,,
1766,2013,9,2,1,1,4,6,2,4,3,4,1,,,,,,,,,,,
1767,2013,9,1,2,2,2,7,6,4,2,3,1,,,,,,,,,,,
1768,2013,6,2,2,2,2,4,3,4,2,4,1,,,,,,,,,,,
1769,2013,8,3,2,2,6,6,5,4,2,6,2,,,,,,,,,,,
1770,2013,6,2,1,2,4,4,4,7,6,7,1,,,,,,,,,,,
1771,2013,7,2,2,2,6,9,9,9,9,9,6,,,,,,,,,,,
1772,2013,7,2,2,1,7,7,7,3,2,1,3,,,,,,,,,,,
1773,2013,6,2,2,2,1,4,1,3,3,3,3,,,,,,,,,,,
1774,2013,-9,2,-9,-9,-9,-9,-9,-9,-9,-9,-9,,,,,,,,,,,
1775,2013,9,3,2,2,4,6,9,9,9,8,3,,,,,,,,,,,
1776,2013,-9,2,1,2,5,2,2,2,2,2,2,,,,,,,,,,,
1777,2013,7,3,2,2,4,5,4,5,4,5,1,,,,,,,,,,,
1778,2013,9,3,1,1,6,7,7,6,2,3,7,,,,,,,,,,,
1779,2013,9,2,2,1,4,7,2,6,4,6,3,,,,,,,,,,,
1780,2013,9,2,1,2,6,9,1,6,5,7,4,,,,,,,,,,,
1781,2013,9,3,1,1,4,7,7,1,1,1,1,,,,,,,,,,,
1782,2013,9,3,2,1,3,5,2,3,2,4,2,,,,,,,,,,,
1783,2013,4,3,2,1,5,5,2,8,6,7,5,,,,,,,,,,,
1784,2013,9,3,1,2,5,3,1,2,3,6,1,,,,,,,,,,,
1785,2013,6,2,1,1,3,4,1,3,2,2,1,,,,,,,,,,,
1786,2013,6,3,2,1,-9,-9,-9,-9,-9,-9,-9,,,,,,,,,,,
1787,2013,7,2,2,1,-9,-9,-9,-9,-9,-9,-9,,,,,,,,,,,
1788,2013,8,2,1,2,3,6,6,9,1,9,4,,,,,,,,,,,
1789,2013,7,2,2,1,-9,-9,-9,-9,-9,-9,-9,,,,,,,,,,,
1790,2013,-9,2,1,1,-9,-9,-9,-9,-9,-9,-9,,,,,,,,,,,
1791,2013,5,2,2,2,7,6,6,9,5,7,3,,,,,,,,,,,
1792,2013,9,1,1,2,2,4,2,2,4,3,1,,,,,,,,,,,
1793,2013,9,2,1,2,2,3,2,5,4,4,1,,,,,,,,,,,
1794,2013,-9,2,1,1,-9,-9,-9,-9,-9,-9,-9,,,,,,,,,,,
1795,2013,8,2,2,2,1,3,4,9,3,2,1,,,,,,,,,,,
1796,2013,-9,2,-9,-9,-9,-9,-9,-9,-9,-9,-9,,,,,,,,,,,
1797,2013,7,2,1,1,4,4,3,6,1,5,2,,,,,,,,,,,
1798,2013,6,1,1,1,-9,-9,-9,-9,-9,-9,-9,,,,,,,,,,,
1799,2013,7,3,2,2,-9,-9,-9,-9,-9,-9,-9,,,,,,,,,,,
1800,2013,7,2,1,1,4,1,5,3,2,1,1,,,,,,,,,,,
1801,2013,9,2,2,2,3,1,4,9,3,1,1,,,,,,,,,,,
1802,2013,5,2,2,2,5,2,5,5,2,2,1,,,,,,,,,,,
1803,2013,7,2,2,2,-9,-9,-9,-9,-9,-9,-9,,,,,,,,,,,
1804,2013,5,2,2,2,2,5,1,5,4,4,1,,,,,,,,,,,
1805,2013,3,2,2,2,4,1,1,2,5,1,1,,,,,,,,,,,
1806,2013,6,3,1,1,3,4,3,6,4,3,2,,,,,,,,,,,
1807,2013,8,1,1,1,3,4,4,4,3,4,2,,,,,,,,,,,
1808,2013,5,2,2,2,3,2,4,4,2,2,1,,,,,,,,,,,
1809,2013,9,2,2,2,3,5,1,9,1,5,1,,,,,,,,,,,
1810,2013,9,3,1,2,3,2,5,7,5,6,1,,,,,,,,,,,
1811,2013,7,1,1,2,4,5,3,9,2,5,2,,,,,,,,,,,
1812,2013,5,3,2,1,1,1,1,1,1,1,1,,,,,,,,,,,
1813,2013,7,3,1,2,4,9,9,9,4,9,1,,,,,,,,,,,
1814,2013,7,2,2,2,3,4,3,4,2,2,2,,,,,,,,,,,
1815,2013,4,2,1,1,-9,-9,-9,-9,-9,-9,-9,,,,,,,,,,,
1816,2013,6,2,2,1,5,1,2,9,8,9,6,,,,,,,,,,,
1817,2013,4,2,2,1,3,4,3,8,5,4,3,,,,,,,,,,,
1818,2013,6,3,2,2,3,3,4,4,3,2,1,,,,,,,,,,,
1819,2013,7,3,1,2,1,1,1,1,1,1,1,,,,,,,,,,,
1820,2013,8,2,2,-9,2,3,7,9,9,1,3,,,,,,,,,,,
1821,2013,4,2,2,1,-9,-9,-9,-9,-9,-9,-9,,,,,,,,,,,
1822,2013,6,2,2,1,5,5,-9,-9,-9,-9,-9,,,,,,,,,,,
1823,2013,9,2,2,2,5,6,1,4,2,2,1,,,,,,,,,,,
1824,2013,7,1,2,1,4,2,3,7,2,2,1,,,,,,,,,,,
1825,2013,-9,2,2,1,-9,-9,-9,-9,-9,-9,-9,,,,,,,,,,,
1826,2013,6,3,1,2,4,8,5,9,8,9,8,,,,,,,,,,,
1827,2013,6,2,2,1,-9,-9,-9,-9,-9,-9,-9,,,,,,,,,,,
1828,2013,6,2,1,1,3,1,3,8,8,3,4,,,,,,,,,,,
1829,2013,-9,-9,-9,-9,-9,-9,-9,-9,-9,-9,-9,,,,,,,,,,,
1830,2013,7,2,2,1,5,3,6,6,6,6,6,,,,,,,,,,,
1831,2013,-9,3,-9,-9,-9,-9,-9,-9,-9,-9,-9,,,,,,,,,,,
1832,2013,6,2,1,1,1,3,2,4,2,1,1,,,,,,,,,,,
1833,2013,9,2,1,2,-9,-9,-9,-9,-9,-9,-9,,,,,,,,,,,
1834,2013,8,3,2,-9,-9,2,-9,3,3,3,1,,,,,,,,,,,
1835,2013,9,2,1,1,9,6,7,2,2,1,1,,,,,,,,,,,
1836,2013,7,2,2,1,2,4,6,9,8,9,1,,,,,,,,,,,
1837,2013,8,2,1,2,6,5,6,8,7,8,2,,,,,,,,,,,
1838,2013,4,2,2,2,4,3,4,8,6,8,3,,,,,,,,,,,
1839,2013,7,3,1,2,-9,-9,-9,-9,-9,-9,-9,,,,,,,,,,,
1840,2013,2,3,1,1,-9,-9,-9,-9,-9,-9,-9,,,,,,,,,,,
1841,2013,6,2,1,1,1,2,2,4,2,1,1,,,,,,,,,,,
1842,2013,6,1,2,1,1,4,7,8,4,9,1,,,,,,,,,,,
1843,2013,8,1,2,2,-9,-9,-9,-9,-9,-9,-9,,,,,,,,,,,
1844,2013,7,2,2,1,4,6,4,5,5,5,1,,,,,,,,,,,
1845,2013,6,3,2,1,1,9,9,9,1,7,1,,,,,,,,,,,
1846,2013,9,2,2,2,1,3,3,4,3,1,1,,,,,,,,,,,
1847,2013,9,3,2,2,1,7,1,9,3,9,1,,,,,,,,,,,
1848,2013,8,3,2,1,5,6,6,7,8,6,5,,,,,,,,,,,
1849,2013,9,2,2,2,4,4,7,3,2,4,1,,,,,,,,,,,
1850,2013,9,2,1,1,3,9,9,9,2,9,2,,,,,,,,,,,
1851,2013,6,2,1,2,4,6,1,9,3,5,1,,,,,,,,,,,
1852,2013,7,2,1,-9,4,3,3,3,2,2,1,,,,,,,,,,,
1853,2013,6,2,2,2,5,4,3,3,2,3,2,,,,,,,,,,,
1854,2013,5,2,2,1,4,4,3,4,2,4,3,,,,,,,,,,,
1855,2013,9,3,1,2,4,4,3,4,4,7,1,,,,,,,,,,,
1856,2013,9,3,2,2,4,6,6,9,7,9,5,,,,,,,,,,,
1857,2013,8,3,1,2,4,9,2,9,9,9,9,,,,,,,,,,,
1858,2013,8,1,1,2,2,6,4,9,2,5,1,,,,,,,,,,,
1859,2013,6,1,1,2,2,9,9,7,2,1,1,,,,,,,,,,,
1860,2013,9,3,1,2,4,4,1,3,2,4,1,,,,,,,,,,,
1861,2013,8,2,1,1,-9,-9,-9,-9,-9,-9,-9,,,,,,,,,,,
1862,2013,7,2,1,2,2,4,3,2,2,1,1,,,,,,,,,,,
1863,2013,8,2,1,2,4,4,1,8,4,3,1,,,,,,,,,,,
1864,2013,9,2,1,1,3,8,5,3,1,6,1,,,,,,,,,,,
1865,2013,7,2,1,1,2,3,4,3,3,3,1,,,,,,,,,,,
1866,2013,8,2,1,2,4,4,9,9,2,3,1,,,,,,,,,,,
1867,2013,8,2,2,1,3,7,7,2,2,1,6,,,,,,,,,,,
1868,2013,7,2,2,2,2,2,1,9,3,8,1,,,,,,,,,,,
1869,2013,8,3,1,2,2,4,3,9,4,3,1,,,,,,,,,,,
1870,2013,4,2,1,2,4,9,6,8,3,7,5,,,,,,,,,,,
1871,2013,7,3,2,1,1,4,3,7,5,3,1,,,,,,,,,,,
1872,2013,4,3,1,2,3,9,9,9,6,9,1,,,,,,,,,,,
1873,2013,4,3,2,1,5,5,5,5,4,4,1,,,,,,,,,,,
1874,2013,4,2,1,1,3,5,2,5,5,5,5,,,,,,,,,,,
1875,2013,5,3,2,1,3,5,3,3,2,3,1,,,,,,,,,,,
1876,2013,6,2,1,2,5,6,5,5,3,4,2,,,,,,,,,,,
1877,2013,5,2,2,2,3,4,1,6,4,4,7,,,,,,,,,,,
1878,2013,5,1,2,2,4,4,5,6,3,1,2,,,,,,,,,,,
1879,2013,6,2,1,2,5,5,2,3,3,2,2,,,,,,,,,,,
1880,2013,2,2,2,1,4,5,3,9,1,5,1,,,,,,,,,,,
1881,2013,4,1,2,2,3,2,2,9,1,1,1,,,,,,,,,,,
1882,2013,6,2,2,2,3,4,2,2,2,1,1,,,,,,,,,,,
1883,2013,5,2,2,2,-9,-9,-9,-9,-9,-9,-9,,,,,,,,,,,
1884,2013,7,3,2,1,4,3,4,1,2,1,2,,,,,,,,,,,
1885,2013,8,2,1,1,3,6,5,4,3,4,1,,,,,,,,,,,
1886,2013,6,2,1,2,2,4,2,4,4,4,1,,,,,,,,,,,
1887,2013,4,1,1,1,3,4,5,4,4,4,4,,,,,,,,,,,
1888,2013,6,2,1,1,-9,-9,-9,-9,-9,-9,-9,,,,,,,,,,,
1889,2013,8,3,2,2,2,7,3,4,6,4,4,,,,,,,,,,,
1890,2013,-9,2,-9,-9,-9,-9,-9,-9,-9,-9,-9,,,,,,,,,,,
1891,2013,4,2,2,2,2,4,3,3,2,3,1,,,,,,,,,,,
1892,2013,9,2,1,2,5,5,1,1,1,1,1,,,,,,,,,,,
1893,2013,9,3,1,2,3,4,5,5,2,3,1,,,,,,,,,,,
1894,2013,4,2,2,-9,3,5,6,4,2,2,1,,,,,,,,,,,
1895,2013,3,2,1,1,3,4,5,6,4,3,2,,,,,,,,,,,
1896,2013,5,3,1,2,2,6,4,7,6,5,5,,,,,,,,,,,
1897,2013,9,2,2,-9,4,5,6,4,2,3,2,,,,,,,,,,,
1898,2013,7,3,1,1,5,6,2,6,5,4,4,,,,,,,,,,,
1899,2013,-9,2,1,2,2,9,5,9,9,5,1,,,,,,,,,,,
1900,2013,6,2,2,1,-9,-9,-9,-9,-9,-9,-9,,,,,,,,,,,
1901,2013,9,2,1,2,3,3,4,5,2,3,1,,,,,,,,,,,
1902,2013,9,2,1,2,3,7,2,6,2,6,1,,,,,,,,,,,
1903,2013,9,2,2,2,6,3,2,6,5,4,1,,,,,,,,,,,
1904,2013,6,2,1,2,1,4,4,6,3,1,1,,,,,,,,,,,
1905,2013,7,2,2,1,7,4,3,4,5,1,1,,,,,,,,,,,
1906,2013,8,1,1,2,-9,-9,-9,-9,-9,-9,-9,,,,,,,,,,,
1907,2013,8,2,1,2,3,3,9,2,2,3,1,,,,,,,,,,,
1908,2013,-9,3,-9,-9,-9,-9,-9,-9,-9,-9,-9,,,,,,,,,,,
1909,2013,8,1,1,1,2,3,6,3,3,3,1,,,,,,,,,,,
1910,2013,7,2,1,2,2,5,5,2,1,4,2,,,,,,,,,,,
1911,2013,8,3,2,1,4,7,3,6,4,6,3,,,,,,,,,,,
1912,2013,6,2,2,1,3,2,5,5,5,3,1,,,,,,,,,,,
1913,2013,7,2,2,2,-9,-9,-9,-9,-9,-9,-9,,,,,,,,,,,
1914,2013,5,2,1,1,1,3,9,3,2,9,2,,,,,,,,,,,
1915,2013,4,2,1,1,4,6,5,9,6,9,2,,,,,,,,,,,
1916,2013,7,1,-9,-9,1,1,1,5,3,3,1,,,,,,,,,,,
1917,2013,7,2,1,2,4,6,6,8,2,2,2,,,,,,,,,,,
1918,2013,2,3,2,1,2,2,4,3,2,2,1,,,,,,,,,,,
1919,2013,8,2,2,1,-9,-9,-9,-9,-9,-9,-9,,,,,,,,,,,
1920,2013,-9,2,-9,-9,-9,-9,-9,-9,-9,-9,-9,,,,,,,,,,,
1921,2013,3,2,2,2,4,6,4,8,3,8,4,,,,,,,,,,,
1922,2013,9,2,1,1,6,4,3,2,2,2,1,,,,,,,,,,,
1923,2013,7,2,2,2,6,2,9,9,9,9,9,,,,,,,,,,,
1924,2013,9,2,1,2,5,9,2,3,2,8,3,,,,,,,,,,,
1925,2013,9,2,2,1,7,9,9,9,9,9,9,,,,,,,,,,,
1926,2013,6,1,1,1,5,6,7,4,2,4,2,,,,,,,,,,,
1927,2013,5,2,2,1,4,5,5,9,4,7,3,,,,,,,,,,,
1928,2013,6,1,2,1,-9,-9,-9,-9,-9,-9,-9,,,,,,,,,,,
1929,2013,9,3,2,1,5,4,3,4,2,1,1,,,,,,,,,,,
1930,2013,8,2,1,1,-9,-9,-9,-9,-9,-9,-9,,,,,,,,,,,
1931,2013,8,1,1,2,3,9,5,9,7,9,2,,,,,,,,,,,
1932,2013,8,2,1,1,-9,-9,-9,-9,-9,-9,-9,,,,,,,,,,,
1933,2013,9,2,2,-9,6,5,1,3,2,5,1,,,,,,,,,,,
1934,2013,7,2,2,1,5,6,7,8,4,2,2,,,,,,,,,,,
1935,2013,7,2,1,1,2,3,5,2,2,2,1,,,,,,,,,,,
1936,2013,7,2,2,1,1,7,7,7,5,7,6,,,,,,,,,,,
1937,2013,5,2,2,1,2,4,4,5,3,3,2,,,,,,,,,,,
1938,2013,7,2,2,2,4,4,1,4,2,5,1,,,,,,,,,,,
1939,2013,7,2,2,1,7,7,3,5,3,5,2,,,,,,,,,,,
1940,2013,7,3,2,1,4,7,9,9,6,9,1,,,,,,,,,,,
1941,2013,6,2,2,2,4,4,2,4,3,4,2,,,,,,,,,,,
1942,2013,9,3,2,1,3,7,6,3,6,6,3,,,,,,,,,,,
1943,2013,5,2,2,1,3,5,5,9,8,7,2,,,,,,,,,,,
1944,2013,7,2,1,1,2,6,6,2,1,2,2,,,,,,,,,,,
1945,2013,6,2,2,1,2,9,9,7,4,6,3,,,,,,,,,,,
1946,2013,6,2,2,1,3,4,3,4,3,2,2,,,,,,,,,,,
1947,2013,8,2,2,1,3,6,6,7,4,4,2,,,,,,,,,,,
1948,2013,7,2,1,1,2,5,9,5,3,8,2,,,,,,,,,,,
1949,2013,8,2,2,2,1,3,5,9,3,7,1,,,,,,,,,,,
1950,2013,7,2,1,2,3,4,4,4,3,4,1,,,,,,,,,,,
1951,2013,8,2,1,1,1,9,9,9,5,7,3,,,,,,,,,,,
1952,2013,3,-9,1,1,2,9,9,9,2,6,2,,,,,,,,,,,
1953,2013,7,2,2,1,3,5,6,9,6,9,7,,,,,,,,,,,
1954,2013,3,2,2,1,2,6,9,9,7,4,2,,,,,,,,,,,
1955,2013,1,2,1,2,1,1,6,4,2,6,1,,,,,,,,,,,
1956,2013,8,2,2,1,6,3,2,2,2,3,1,,,,,,,,,,,
1957,2013,7,2,2,2,6,5,1,5,4,6,2,,,,,,,,,,,
1958,2013,8,2,2,1,7,7,3,8,3,7,3,,,,,,,,,,,
1959,2013,9,2,2,2,5,6,1,4,5,5,3,,,,,,,,,,,
1960,2013,6,3,2,2,3,4,4,7,5,7,2,,,,,,,,,,,
1961,2013,7,2,1,1,4,9,5,9,3,9,4,,,,,,,,,,,
1962,2013,6,3,2,1,6,4,4,4,3,4,1,,,,,,,,,,,
1963,2013,5,2,2,2,4,7,1,7,7,5,8,,,,,,,,,,,
1964,2013,7,2,2,1,2,5,5,7,7,6,2,,,,,,,,,,,
1965,2013,7,2,2,2,5,6,6,7,4,7,6,,,,,,,,,,,
1966,2013,6,2,2,2,3,1,2,5,3,9,3,,,,,,,,,,,
1967,2013,4,2,1,1,9,9,9,9,9,9,9,,,,,,,,,,,
1968,2013,5,2,2,1,1,9,9,1,1,2,1,,,,,,,,,,,
1969,2013,5,2,2,2,3,5,5,4,3,4,2,,,,,,,,,,,
1970,2013,6,3,2,1,-9,-9,-9,-9,-9,-9,-9,,,,,,,,,,,
1971,2013,7,1,2,2,5,4,3,6,4,5,5,,,,,,,,,,,
1972,2013,5,2,2,1,4,5,5,4,3,5,4,,,,,,,,,,,
1973,2013,6,1,1,2,3,5,3,6,4,3,2,,,,,,,,,,,
1974,2013,8,1,1,2,5,7,4,8,3,1,1,,,,,,,,,,,
1975,2013,8,2,1,-9,3,8,3,9,4,4,2,,,,,,,,,,,
1976,2013,9,3,2,1,6,4,3,3,3,3,1,,,,,,,,,,,
1977,2013,7,2,2,2,9,3,3,3,3,3,1,,,,,,,,,,,
1978,2013,7,1,1,1,6,9,7,3,3,3,5,,,,,,,,,,,
1979,2013,6,3,2,1,3,7,6,1,1,5,1,,,,,,,,,,,
1980,2013,2,2,1,1,4,3,4,2,2,1,1,,,,,,,,,,,
1981,2013,5,3,2,1,4,8,4,4,3,4,3,,,,,,,,,,,
1982,2013,5,3,1,1,4,7,5,4,2,2,1,,,,,,,,,,,
1983,2013,7,2,1,1,6,9,9,9,7,8,1,,,,,,,,,,,
1984,2013,6,1,1,1,5,4,5,5,5,5,2,,,,,,,,,,,
1985,2013,5,2,1,1,4,7,6,7,5,4,3,,,,,,,,,,,
1986,2013,7,3,1,2,2,3,9,9,9,3,3,,,,,,,,,,,
1987,2013,7,2,2,2,2,9,9,9,4,9,3,,,,,,,,,,,
1988,2013,6,2,2,1,2,5,5,2,2,1,1,,,,,,,,,,,
1989,2013,9,2,1,2,-9,-9,-9,-9,-9,-9,-9,,,,,,,,,,,
1990,2013,7,3,1,1,3,2,1,1,1,1,1,,,,,,,,,,,
1991,2013,3,1,2,1,2,9,9,2,1,9,1,,,,,,,,,,,
1992,2013,5,2,2,2,2,3,2,4,2,2,1,,,,,,,,,,,
1993,2013,4,2,2,1,-9,-9,-9,-9,-9,-9,-9,,,,,,,,,,,
1994,2013,7,1,2,1,-9,-9,-9,-9,-9,-9,-9,,,,,,,,,,,
1995,2013,8,2,1,2,5,6,3,5,3,5,1,,,,,,,,,,,
1996,2013,5,3,2,1,-9,-9,-9,-9,-9,-9,-9,,,,,,,,,,,
1997,2013,1,3,-9,-9,6,5,3,4,3,6,3,,,,,,,,,,,
1998,2013,7,3,2,1,1,1,1,-9,-9,-9,-9,,,,,,,,,,,
1999,2013,4,2,2,2,3,4,2,3,4,3,1,,,,,,,,,,,
2000,2013,6,2,2,1,-9,-9,-9,-9,-9,-9,-9,,,,,,,,,,,
2001,2013,-9,1,-9,-9,-9,-9,-9,-9,-9,-9,-9,,,,,,,,,,,
2002,2013,6,1,1,2,5,4,1,4,4,4,1,,,,,,,,,,,
2003,2013,4,2,2,2,-9,-9,-9,-9,-9,-9,-9,,,,,,,,,,,
2004,2013,8,2,1,2,4,7,9,9,9,9,-9,,,,,,,,,,,
2005,2013,8,3,2,2,2,3,4,4,2,3,1,,,,,,,,,,,
2006,2013,-9,2,-9,-9,-9,-9,-9,-9,-9,-9,-9,,,,,,,,,,,
2007,2013,-9,3,-9,-9,-9,-9,-9,-9,-9,-9,-9,,,,,,,,,,,
2008,2013,-9,2,-9,-9,-9,-9,-9,-9,-9,-9,-9,,,,,,,,,,,
2009,2013,6,2,2,-9,-9,-9,-9,-9,-9,-9,-9,,,,,,,,,,,
2010,2013,-9,-9,-9,-9,-9,-9,-9,-9,-9,-9,-9,,,,,,,,,,,
2011,2013,-9,3,-9,-9,-9,-9,-9,-9,-9,-9,-9,,,,,,,,,,,
2012,2013,-9,2,-9,-9,-9,-9,-9,-9,-9,-9,-9,,,,,,,,,,,
2013,2013,-9,2,-9,-9,5,7,5,7,5,3,3,,,,,,,,,,,
2014,2013,-9,2,-9,-9,-9,-9,-9,-9,-9,-9,-9,,,,,,,,,,,
2015,2013,8,2,1,1,6,6,4,9,3,2,2,,,,,,,,,,,
2016,2013,8,2,1,2,4,4,3,9,8,5,1,,,,,,,,,,,
2017,2013,5,2,2,2,-9,-9,-9,-9,-9,-9,-9,,,,,,,,,,,
2018,2013,-9,2,2,1,4,2,3,-9,-9,-9,-9,,,,,,,,,,,
2019,2013,8,2,2,2,6,5,5,2,3,7,4,,,,,,,,,,,
2020,2013,8,2,2,1,6,6,4,4,2,4,1,,,,,,,,,,,
2021,2013,6,2,1,-9,4,3,4,2,3,4,1,,,,,,,,,,,
2022,2013,8,2,2,1,7,7,7,2,2,1,1,,,,,,,,,,,
2023,2013,6,3,1,2,5,7,6,6,5,7,3,,,,,,,,,,,
2024,2013,7,3,2,1,6,4,1,9,9,5,1,,,,,,,,,,,
2025,2013,1,3,1,1,1,9,-9,-9,-9,-9,-9,,,,,,,,,,,
2026,2013,8,3,2,1,4,4,3,4,2,3,2,,,,,,,,,,,
2027,2013,8,3,1,2,4,6,1,5,2,5,1,,,,,,,,,,,
2028,2013,3,2,2,-9,2,9,9,9,3,6,3,,,,,,,,,,,
2029,2013,7,3,1,1,5,5,5,8,2,3,2,,,,,,,,,,,
2030,2013,7,2,2,2,2,5,2,4,2,4,1,,,,,,,,,,,
2031,2013,8,2,1,2,9,5,1,9,3,3,1,,,,,,,,,,,
2032,2013,8,2,2,-9,7,4,6,4,2,3,1,,,,,,,,,,,
2033,2013,3,2,2,2,-9,-9,-9,-9,-9,-9,-9,,,,,,,,,,,
2034,2013,4,2,1,1,1,3,4,3,4,1,3,,,,,,,,,,,
2035,2013,9,2,1,2,1,6,6,5,5,5,1,,,,,,,,,,,
2036,2013,6,3,2,1,1,4,6,6,6,6,1,,,,,,,,,,,
2037,2013,6,3,2,1,3,7,7,1,1,1,1,,,,,,,,,,,
2038,2013,9,1,1,2,1,1,9,9,9,9,9,,,,,,,,,,,
2039,2013,9,2,2,1,4,7,5,6,4,6,1,,,,,,,,,,,
2040,2013,5,3,1,2,3,4,6,9,3,2,2,,,,,,,,,,,
2041,2013,7,2,2,1,1,1,1,9,9,4,9,,,,,,,,,,,
2042,2013,-9,3,2,1,1,1,1,1,1,1,1,,,,,,,,,,,
2043,2013,-9,1,2,2,3,3,7,3,2,2,2,,,,,,,,,,,
2044,2013,7,2,2,1,2,2,1,3,2,1,1,,,,,,,,,,,
2045,2013,4,2,2,2,9,6,9,9,9,9,9,,,,,,,,,,,
2046,2013,9,3,1,2,3,6,1,1,1,5,2,,,,,,,,,,,
2047,2013,7,1,2,2,2,9,1,9,2,5,1,,,,,,,,,,,
2048,2013,9,2,1,1,6,9,7,4,2,4,6,,,,,,,,,,,
2049,2013,9,2,2,2,4,3,2,9,2,3,1,,,,,,,,,,,
2050,2013,9,2,1,1,4,4,4,4,2,2,2,,,,,,,,,,,
2051,2013,3,1,1,2,2,9,6,9,3,9,1,,,,,,,,,,,
2052,2013,6,2,2,1,4,3,3,1,1,1,1,,,,,,,,,,,
2053,2013,6,2,2,-9,3,4,4,4,3,6,1,,,,,,,,,,,
2054,2013,7,2,2,2,6,5,6,7,3,2,1,,,,,,,,,,,
2055,2013,9,3,2,1,1,1,1,1,1,1,1,,,,,,,,,,,
2056,2013,9,3,1,2,4,3,4,4,2,3,1,,,,,,,,,,,
2057,2013,7,3,1,1,2,4,3,5,2,3,1,,,,,,,,,,,
2058,2013,8,2,2,2,3,2,1,4,2,2,1,,,,,,,,,,,
2059,2013,4,3,1,1,1,1,3,2,3,1,1,,,,,,,,,,,
2060,2013,7,2,1,2,2,2,3,6,2,2,1,,,,,,,,,,,
2061,2013,7,3,2,1,4,2,6,4,1,1,1,,,,,,,,,,,
2062,2013,9,2,1,1,1,1,1,9,9,-9,1,,,,,,,,,,,
2063,2013,7,2,1,2,5,6,4,8,2,5,1,,,,,,,,,,,
2064,2013,1,3,2,2,3,6,2,9,6,6,2,,,,,,,,,,,
2065,2013,8,2,1,2,5,3,3,4,3,4,2,,,,,,,,,,,
2066,2013,6,1,1,2,3,5,2,9,7,3,4,,,,,,,,,,,
2067,2013,8,2,1,1,5,6,2,3,2,4,2,,,,,,,,,,,
2068,2013,9,2,1,2,7,7,5,8,1,3,1,,,,,,,,,,,
2069,2013,6,2,2,1,3,4,4,3,2,2,1,,,,,,,,,,,
2070,2013,2,2,2,1,3,5,6,6,4,5,2,,,,,,,,,,,
2071,2013,6,1,2,1,3,3,4,1,2,2,1,,,,,,,,,,,
2072,2013,9,1,1,2,3,5,2,4,2,4,4,,,,,,,,,,,
2073,2013,9,2,2,2,4,2,1,6,2,1,2,,,,,,,,,,,
2074,2013,7,2,1,1,3,3,6,5,2,5,2,,,,,,,,,,,
2075,2013,5,2,2,1,6,9,9,7,2,3,2,,,,,,,,,,,
2076,2013,7,2,1,2,3,9,3,2,1,5,1,,,,,,,,,,,
2077,2013,8,3,2,1,4,3,4,5,2,4,2,,,,,,,,,,,
2078,2013,6,1,1,2,4,6,4,7,5,8,4,,,,,,,,,,,
2079,2013,7,3,2,1,4,6,9,1,1,9,1,,,,,,,,,,,
2080,2013,9,2,2,2,4,5,3,4,1,1,1,,,,,,,,,,,
2081,2013,6,1,2,2,3,4,3,3,1,3,1,,,,,,,,,,,
2082,2013,7,2,1,2,1,4,4,3,2,3,1,,,,,,,,,,,
2083,2013,6,2,2,1,4,6,6,5,6,7,2,,,,,,,,,,,
2084,2013,8,2,1,2,4,4,1,7,2,4,1,,,,,,,,,,,
2085,2013,6,2,2,1,4,9,9,9,1,8,1,,,,,,,,,,,
2086,2013,7,2,2,1,2,6,4,6,2,4,2,,,,,,,,,,,
2087,2013,7,2,1,2,7,4,4,8,6,3,7,,,,,,,,,,,
2088,2013,9,2,2,2,4,4,1,2,1,4,1,,,,,,,,,,,
2089,2013,9,1,1,1,3,5,4,5,1,1,1,,,,,,,,,,,
2090,2013,8,2,1,2,4,7,3,9,4,7,3,,,,,,,,,,,
2091,2013,6,2,2,2,1,4,1,2,5,4,1,,,,,,,,,,,
2092,2013,5,3,2,2,4,5,7,7,3,4,2,,,,,,,,,,,
2093,2013,7,2,1,2,3,4,5,9,2,6,3,,,,,,,,,,,
2094,2013,7,2,2,1,5,9,7,9,2,3,1,,,,,,,,,,,
2095,2013,8,3,-9,-9,4,2,3,5,2,2,1,,,,,,,,,,,
2096,2013,3,2,2,1,3,9,9,3,2,2,1,,,,,,,,,,,
2097,2013,7,2,1,2,4,5,5,5,4,3,4,,,,,,,,,,,
2098,2013,7,2,1,2,7,8,5,2,2,6,2,,,,,,,,,,,
2099,2013,6,2,1,2,5,-9,-9,-9,-9,-9,-9,,,,,,,,,,,
2100,2013,8,3,2,2,2,8,9,9,2,4,4,,,,,,,,,,,
2101,2013,7,2,1,1,2,4,2,5,3,4,5,,,,,,,,,,,
2102,2013,7,2,2,1,4,6,4,3,3,2,3,,,,,,,,,,,
2103,2013,6,1,2,2,2,6,1,9,5,9,1,,,,,,,,,,,
2104,2013,3,1,2,1,2,2,3,1,1,1,1,,,,,,,,,,,
2105,2013,8,3,2,1,5,4,3,4,3,1,3,,,,,,,,,,,
2106,2013,-9,2,2,1,-9,-9,-9,-9,-9,-9,-9,,,,,,,,,,,
2107,2013,6,2,1,1,3,4,7,8,3,4,1,,,,,,,,,,,
2108,2013,7,2,2,2,6,3,5,5,2,5,2,,,,,,,,,,,
2109,2013,8,1,2,2,4,4,4,7,5,3,2,,,,,,,,,,,
2110,2013,5,1,2,1,-9,-9,1,2,1,3,1,,,,,,,,,,,
2111,2013,7,2,1,1,5,4,5,6,3,3,1,,,,,,,,,,,
2112,2013,3,2,1,2,5,2,5,6,5,5,1,,,,,,,,,,,
2113,2013,7,2,-9,-9,4,2,1,1,1,2,1,,,,,,,,,,,
2114,2013,5,2,1,2,3,4,4,4,1,2,1,,,,,,,,,,,
2115,2013,9,2,2,1,-9,-9,-9,-9,-9,-9,-9,,,,,,,,,,,
2116,2013,9,2,2,2,4,5,2,4,3,3,2,,,,,,,,,,,
2117,2013,8,3,2,2,5,7,5,3,1,1,1,,,,,,,,,,,
2118,2013,9,3,2,2,5,2,2,3,3,2,2,,,,,,,,,,,
2119,2013,8,3,2,1,3,5,5,3,1,3,1,,,,,,,,,,,
2120,2013,9,3,1,2,3,3,3,4,2,3,2,,,,,,,,,,,
2121,2013,9,2,1,1,3,3,6,7,5,7,2,,,,,,,,,,,
2122,2013,9,2,2,1,3,1,1,3,2,2,1,,,,,,,,,,,
2123,2013,8,2,2,-9,3,2,1,1,1,2,1,,,,,,,,,,,
2124,2013,9,3,2,1,3,4,4,4,2,5,1,,,,,,,,,,,
2125,2013,8,2,2,1,4,4,4,4,3,4,2,,,,,,,,,,,
2126,2013,7,2,2,2,4,5,4,5,1,3,1,,,,,,,,,,,
2127,2013,9,3,2,2,5,8,7,3,2,3,4,,,,,,,,,,,
2128,2013,9,2,1,2,4,5,3,5,2,4,1,,,,,,,,,,,
2129,2013,9,2,2,2,4,3,2,3,2,3,1,,,,,,,,,,,
2130,2013,9,3,2,1,4,3,3,6,3,6,2,,,,,,,,,,,
2131,2013,8,2,1,2,3,7,7,5,2,4,7,,,,,,,,,,,
2132,2013,2,2,1,1,8,8,5,7,4,7,1,,,,,,,,,,,
2133,2013,6,2,1,2,5,4,3,6,3,2,1,,,,,,,,,,,
2134,2013,6,2,1,2,4,4,5,3,2,4,2,,,,,,,,,,,
2135,2013,9,1,2,2,4,7,1,4,3,6,1,,,,,,,,,,,
2136,2013,7,3,1,1,7,6,4,4,4,4,2,,,,,,,,,,,
2137,2013,2,2,2,1,5,8,6,5,3,4,1,,,,,,,,,,,
2138,2013,4,1,2,1,4,4,1,4,2,7,1,,,,,,,,,,,
2139,2013,8,3,2,1,5,6,4,5,2,3,1,,,,,,,,,,,
2140,2013,9,3,2,2,3,4,2,3,3,3,2,,,,,,,,,,,
2141,2013,7,2,2,2,2,4,5,7,2,7,1,,,,,,,,,,,
2142,2013,9,2,1,2,4,4,4,4,2,4,1,,,,,,,,,,,
2143,2013,7,2,1,1,3,4,4,5,3,5,1,,,,,,,,,,,
2144,2013,8,3,2,1,5,9,9,3,2,3,2,,,,,,,,,,,
2145,2013,7,2,2,2,4,4,2,5,3,4,6,,,,,,,,,,,
2146,2013,9,3,2,1,3,4,3,4,2,3,1,,,,,,,,,,,
2147,2013,4,1,2,1,3,6,6,4,2,6,1,,,,,,,,,,,
2148,2013,9,2,2,2,4,6,2,4,2,5,2,,,,,,,,,,,
2149,2013,9,2,2,2,4,3,4,5,5,3,5,,,,,,,,,,,
2150,2013,9,3,2,1,4,3,4,3,2,1,1,,,,,,,,,,,
2151,2013,7,3,1,1,3,3,4,4,2,3,1,,,,,,,,,,,
2152,2013,9,3,1,1,3,6,3,2,2,4,2,,,,,,,,,,,
2153,2013,3,1,2,1,4,4,6,4,3,2,1,,,,,,,,,,,
2154,2013,5,3,2,1,3,2,3,4,3,3,2,,,,,,,,,,,
2155,2013,1,2,2,2,2,2,9,9,9,3,3,,,,,,,,,,,
2156,2013,5,3,1,1,5,6,7,4,3,2,1,,,,,,,,,,,
2157,2013,4,2,1,2,1,9,9,9,9,9,9,,,,,,,,,,,
2158,2013,9,2,2,2,2,4,4,6,2,6,1,,,,,,,,,,,
2159,2013,3,3,1,1,1,6,5,3,2,4,2,,,,,,,,,,,
2160,2013,6,3,1,2,3,5,9,9,9,9,3,,,,,,,,,,,
2161,2013,9,2,2,1,6,6,3,5,2,3,1,,,,,,,,,,,
2162,2013,6,2,1,2,3,5,4,2,1,2,2,,,,,,,,,,,
2163,2013,5,2,2,1,4,7,5,3,1,2,1,,,,,,,,,,,
2164,2013,5,2,1,1,3,6,4,6,3,4,1,,,,,,,,,,,
2165,2013,8,2,2,2,3,4,4,7,4,4,2,,,,,,,,,,,
2166,2013,9,3,1,1,6,4,3,8,1,2,2,,,,,,,,,,,
2167,2013,6,3,1,1,3,2,1,3,2,3,1,,,,,,,,,,,
2168,2013,9,2,1,2,1,6,4,4,3,9,2,,,,,,,,,,,
2169,2013,7,2,1,1,5,5,6,6,6,6,4,,,,,,,,,,,
2170,2013,6,3,1,1,2,4,4,4,2,4,1,,,,,,,,,,,
2171,2013,8,2,1,1,4,4,4,6,3,4,2,,,,,,,,,,,
2172,2013,5,3,2,1,1,5,4,2,2,2,1,,,,,,,,,,,
2173,2013,4,2,2,2,4,4,3,9,4,8,6,,,,,,,,,,,
2174,2013,5,3,2,1,2,6,2,6,2,5,1,,,,,,,,,,,
2175,2013,9,2,1,2,4,4,4,5,2,4,1,,,,,,,,,,,
2176,2013,8,2,1,1,3,4,7,9,2,2,6,,,,,,,,,,,
2177,2013,9,1,2,2,6,6,2,6,2,5,1,,,,,,,,,,,
2178,2013,9,3,1,2,4,6,8,5,2,5,2,,,,,,,,,,,
2179,2013,8,2,2,1,5,4,4,4,2,5,2,,,,,,,,,,,
2180,2013,6,2,1,2,-9,-9,-9,-9,-9,-9,-9,,,,,,,,,,,
2181,2013,6,2,1,1,2,6,9,9,7,8,2,,,,,,,,,,,
2182,2013,4,2,-9,-9,-9,-9,-9,-9,-9,-9,-9,,,,,,,,,,,
2183,2013,8,2,2,1,-9,-9,-9,-9,-9,-9,-9,,,,,,,,,,,
2184,2013,8,2,1,2,5,3,3,5,2,3,1,,,,,,,,,,,
2185,2013,6,2,2,2,4,4,4,4,3,4,3,,,,,,,,,,,
2186,2013,5,2,1,1,2,6,4,2,2,2,1,,,,,,,,,,,
2187,2013,4,2,2,1,3,3,1,4,5,3,1,,,,,,,,,,,
2188,2013,2,2,2,1,5,4,5,7,7,6,3,,,,,,,,,,,
2189,2013,3,2,1,1,3,3,7,7,5,4,3,,,,,,,,,,,
2190,2013,7,2,2,1,4,5,4,9,2,4,1,,,,,,,,,,,
2191,2013,6,2,2,2,4,3,2,4,2,4,1,,,,,,,,,,,
2192,2013,6,2,1,2,4,6,5,6,3,4,1,,,,,,,,,,,
2193,2013,6,2,1,2,4,7,7,4,2,2,1,,,,,,,,,,,
2194,2013,8,2,1,1,4,7,3,2,1,5,1,,,,,,,,,,,
2195,2013,2,1,2,1,5,6,7,4,3,2,2,,,,,,,,,,,
2196,2013,7,2,2,2,2,6,3,7,3,6,1,,,,,,,,,,,
2197,2013,8,2,2,2,4,7,9,9,3,7,3,,,,,,,,,,,
2198,2013,6,2,2,2,4,4,3,4,4,3,3,,,,,,,,,,,
2199,2013,8,2,2,2,3,5,1,8,3,7,1,,,,,,,,,,,
2200,2013,9,2,1,2,3,5,2,5,2,4,1,,,,,,,,,,,
2201,2013,8,2,1,1,5,5,6,1,2,2,2,,,,,,,,,,,
2202,2013,9,2,2,2,6,4,2,4,4,4,2,,,,,,,,,,,
